This is XeTeX, Version 3.14159265-2.6-0.99998 (TeX Live 2017/Debian) (preloaded format=xelatex 2021.5.25)  22 MAR 2022 21:16
entering extended mode
 restricted \write18 enabled.
 %&-line parsing enabled.
**dissertation.tex
(./dissertation.tex
LaTeX2e <2017-04-15>
Babel <3.18> and hyphenation patterns for 84 language(s) loaded.
(/usr/share/texlive/texmf-dist/tex/latex/nag/nag.sty
Package: nag 2011/11/25 0.7 warning about old commands (ulmi)
\c@nag@c=\count79
\c@nag@sins=\count80
Package nag Info: Loaded nag-l2tabu.cfg  on input line 552.

(/usr/share/texlive/texmf-dist/tex/latex/nag/nag-l2tabu.cfg
File: nag-l2tabu.cfg 2010/05/17 v2.11 l2tabu rules for nag.sty (ulmi)
)
Package nag Info: Loaded nag-orthodox.cfg  on input line 552.

(/usr/share/texlive/texmf-dist/tex/latex/nag/nag-orthodox.cfg
File: nag-orthodox.cfg 2006/04/19 v1.8 strict rules for nag.sty (ulmi)
))
(/usr/share/texlive/texmf-dist/tex/latex/memoir/memoir.cls
Document Class: memoir 2016/05/16 v3.7f configurable book, report, article docu
ment class
\onelineskip=\skip41
\lxvchars=\skip42
\xlvchars=\skip43
\@memcnta=\count81
\c@@memmarkcntra=\count82
(/usr/share/texlive/texmf-dist/tex/generic/oberdiek/ifpdf.sty
Package: ifpdf 2017/03/15 v3.2 Provides the ifpdf switch
)
(/usr/share/texlive/texmf-dist/tex/latex/ifetex/ifetex.sty
Package: ifetex 2011/12/15 v1.2 ifetex

(/usr/share/texlive/texmf-dist/tex/plain/ifetex/ifetex.tex))
(/usr/share/texlive/texmf-dist/tex/generic/ifxetex/ifxetex.sty
Package: ifxetex 2010/09/12 v0.6 Provides ifxetex conditional
)
(/usr/share/texlive/texmf-dist/tex/generic/oberdiek/ifluatex.sty
Package: ifluatex 2016/05/16 v1.4 Provides the ifluatex switch (HO)
Package ifluatex Info: LuaTeX not detected.
)
\stockheight=\skip44
\stockwidth=\skip45
\trimtop=\skip46
\trimedge=\skip47

(/usr/share/texlive/texmf-dist/tex/latex/memoir/mem14.clo
File: mem14.clo 2008/01/30 v0.4 memoir class 14pt size option
)
\binding=\skip48
\spinemargin=\skip49
\foremargin=\skip50
\uppermargin=\skip51
\lowermargin=\skip52
\headdrop=\skip53
\normalrulethickness=\skip54
\mem@maxheadheight=\skip55
\mem@maxfootheight=\skip56
\headwidth=\skip57
\c@storedpagenumber=\count83
\memPD=\dimen102
\m@mabparskip=\skip58
\thanksmarkwidth=\skip59
\thanksmarksep=\skip60
\droptitle=\skip61
\c@book=\count84
\c@part=\count85
\c@chapter=\count86
\c@section=\count87
\c@subsection=\count88
\c@subsubsection=\count89
\c@paragraph=\count90
\c@subparagraph=\count91
\beforechapskip=\skip62
\midchapskip=\skip63
\afterchapskip=\skip64
\chapindent=\skip65
\bottomsectionskip=\skip66
\secindent=\skip67
\beforesecskip=\skip68
\aftersecskip=\skip69
\subsecindent=\skip70
\beforesubsecskip=\skip71
\aftersubsecskip=\skip72
\subsubsecindent=\skip73
\beforesubsubsecskip=\skip74
\aftersubsubsecskip=\skip75
\paraindent=\skip76
\beforeparaskip=\skip77
\afterparaskip=\skip78
\subparaindent=\skip79
\beforesubparaskip=\skip80
\aftersubparaskip=\skip81
\pfbreakskip=\skip82
\c@@ppsavesec=\count92
\c@@ppsaveapp=\count93
\ragrparindent=\dimen103
\everylistparindent=\dimen104
\parsepi=\skip83
\topsepi=\skip84
\itemsepi=\skip85
\parsepii=\skip86
\topsepii=\skip87
\topsepiii=\skip88
\itemsepii=\skip89
\itemsepiii=\skip90
\partopsepii=\skip91
\partopsepiii=\skip92
\m@msavetopsep=\skip93
\m@msavepartopsep=\skip94
\@enLab=\toks14
\abstitleskip=\skip95
\absleftindent=\skip96
\abs@leftindent=\dimen105
\absrightindent=\skip97
\absparindent=\skip98
\absparsep=\skip99
\c@vslineno=\count94
\c@poemline=\count95
\c@modulo@vs=\count96
\c@memfvsline=\count97
\vleftskip=\skip100
\vrightskip=\skip101
\stanzaskip=\skip102
\versewidth=\skip103
\vgap=\skip104
\vindent=\skip105
\vleftmargin=\dimen106
\c@verse=\count98
\c@chrsinstr=\count99
\beforepoemtitleskip=\skip106
\afterpoemtitleskip=\skip107
\c@poem=\count100
\beforePoemTitleskip=\skip108
\midPoemTitleskip=\skip109
\afterPoemTitleskip=\skip110
\col@sep=\dimen107
\extrarowheight=\dimen108
\NC@list=\toks15
\extratabsurround=\skip111
\backup@length=\skip112
\TX@col@width=\dimen109
\TX@old@table=\dimen110
\TX@old@col=\dimen111
\TX@target=\dimen112
\TX@delta=\dimen113
\TX@cols=\count101
\TX@ftn=\toks16
\heavyrulewidth=\dimen114
\lightrulewidth=\dimen115
\cmidrulewidth=\dimen116
\belowrulesep=\dimen117
\belowbottomsep=\dimen118
\aboverulesep=\dimen119
\abovetopsep=\dimen120
\cmidrulesep=\dimen121
\cmidrulekern=\dimen122
\defaultaddspace=\dimen123
\@cmidla=\count102
\@cmidlb=\count103
\@aboverulesep=\dimen124
\@belowrulesep=\dimen125
\@thisruleclass=\count104
\@lastruleclass=\count105
\@thisrulewidth=\dimen126
\ctableftskip=\skip113
\ctabrightskip=\skip114
\abovecolumnspenalty=\count106
\@linestogo=\count107
\@cellstogo=\count108
\@cellsincolumn=\count109
\crtok=\toks17
\@mincolumnwidth=\dimen127
\c@newflo@tctr=\count110
\mem@margin@floatbox=\box26
\@contcwidth=\skip115
\@contindw=\skip116
\abovecaptionskip=\skip117
\belowcaptionskip=\skip118
\subfloattopskip=\skip119
\subfloatcapskip=\skip120
\subfloatcaptopadj=\skip121
\subfloatbottomskip=\skip122
\subfloatlabelskip=\skip123
\subfloatcapmargin=\dimen128
\c@@contsubnum=\count111
\m@mscap@capbox=\box27
\m@mscap@fbox=\box28
\sidecapsep=\dimen129
\sidecapwidth=\dimen130
\m@m@tempdima=\dimen131
\m@mscapraise=\dimen132
\sidecapraise=\dimen133
\m@mscapmainwidth=\dimen134
\m@mscaplkern=\dimen135
\beforeepigraphskip=\skip124
\afterepigraphskip=\skip125
\epigraphwidth=\skip126
\epigraphrule=\skip127
LaTeX Info: Redefining \em on input line 7551.
LaTeX Info: Redefining \emph on input line 7559.
\tocentryskip=\skip128
\tocbaseline=\skip129
\cftparskip=\skip130
\cftbeforebookskip=\skip131
\cftbookindent=\dimen136
\cftbooknumwidth=\dimen137
\cftbeforepartskip=\skip132
\cftpartindent=\skip133
\cftpartnumwidth=\skip134
\cftbeforechapterskip=\skip135
\cftchapterindent=\skip136
\cftchapternumwidth=\skip137
\cftbeforesectionskip=\skip138
\cftsectionindent=\skip139
\cftsectionnumwidth=\skip140
\cftbeforesubsectionskip=\skip141
\cftsubsectionindent=\skip142
\cftsubsectionnumwidth=\skip143
\cftbeforesubsubsectionskip=\skip144
\cftsubsubsectionindent=\skip145
\cftsubsubsectionnumwidth=\skip146
\cftbeforeparagraphskip=\skip147
\cftparagraphindent=\skip148
\cftparagraphnumwidth=\skip149
\cftbeforesubparagraphskip=\skip150
\cftsubparagraphindent=\skip151
\cftsubparagraphnumwidth=\skip152
\prechapterprecisshift=\dimen138
\c@maxsecnumdepth=\count112
\bibindent=\dimen139
\bibitemsep=\skip153
\indexcolsep=\skip154
\indexrule=\skip155
\indexmarkstyle=\toks18
\@indexbox=\insert199
\glossarycolsep=\dimen140
\glossaryrule=\dimen141
\sideparvshift=\skip156
\sideins=\insert198
\sidebartopsep=\skip157
\sidebarhsep=\skip158
\sidebarvsep=\skip159
\sidebarwidth=\skip160
\footmarkwidth=\skip161
\footmarksep=\skip162
\footparindent=\skip163
\footinsdim=\skip164
\footinsv@r=\insert197
\@mpfootinsv@r=\insert196
\m@m@k=\count113
\m@m@h=\dimen142
\m@mipn@skip=\skip165
\sidefootins=\insert195
\sidefootadjust=\skip166
\sidefootheight=\skip167
\sidefoothsep=\skip168
\sidefootvsep=\skip169
\sidefootwidth=\skip170
\m@mdownsf=\skip171
\c@sidefootnote=\count114
\sidefootmarkwidth=\skip172
\sidefootmarksep=\skip173
\sidefootparindent=\skip174
\c@pagenote=\count115
\c@pagenoteshadow=\count116
\mem@pn@lastkern=\skip175
\every@verbatim=\toks19
\afterevery@verbatim=\toks20
\verbatim@line=\toks21
\tab@position=\count117
\verbatim@in@stream=\read1
\verbatimindent=\skip176
\verbatim@out=\write3
\bvboxsep=\skip177
\c@memfbvline=\count118
\c@bvlinectr=\count119
\bvnumlength=\skip178
\fb@frw=\dimen143
\fb@frh=\dimen144
\FrameRule=\dimen145
\FrameSep=\dimen146
\c@cp@cntr=\count120
LaTeX Info: Redefining \: on input line 12068.
LaTeX Info: Redefining \! on input line 12070.
\c@ism@mctr=\count121
\c@xsm@mctr=\count122
\c@csm@mctr=\count123
\c@ksm@mctr=\count124
\c@xksm@mctr=\count125
\c@cksm@mctr=\count126
\c@msm@mctr=\count127
\c@xmsm@mctr=\count128
\c@cmsm@mctr=\count129
\c@bsm@mctr=\count130
\c@workm@mctr=\count131
\c@sheetsequence=\count132
\c@lastsheet=\count133
\c@lastpage=\count134
\c@figure=\count135
\c@lofdepth=\count136
\cftbeforefigureskip=\skip179
\cftfigureindent=\skip180
\cftfigurenumwidth=\skip181
\c@table=\count137
\c@lotdepth=\count138
\cftbeforetableskip=\skip182
\cfttableindent=\skip183
\cfttablenumwidth=\skip184
Package abstract [2008/07/23] emulated by memoir.
Package appendix [2008/07/23] emulated by memoir.
Package array [2008/09/09] emulated by memoir.
Package booktabs [2016/05/16] emulated by memoir.
Package ccaption [2008/07/23] emulated by memoir.
Package changepage [2008/07/23] emulated by memoir.
Package chngcntr [2008/07/23] emulated by memoir.
Package chngpage [2008/07/23] emulated by memoir.
Package crop emulated by memoir.
Package dcolumn [2008/07/23] emulated by memoir.
Package delarray [2008/07/23] emulated by memoir.
Package enumerate [2008/07/23] emulated by memoir.
Package epigraph [2008/07/23] emulated by memoir.
Package ifmtarg [2008/07/23] emulated by memoir.
Package index [2008/07/23] emulated by memoir.
Package makeidx [2008/07/23] emulated by memoir.
Package moreverb [2008/07/23] emulated by memoir.
Package mparhack [2008/07/23] emulated by memoir.
Package needspace [2008/07/23] emulated by memoir.
Package newfile [2008/07/23] emulated by memoir.
Package nextpage [2008/07/23] emulated by memoir.
Package pagenote [2008/07/23] emulated by memoir.
Package parskip [2008/07/23] emulated by memoir.
Package patchcmd [2008/07/23] emulated by memoir.
Package setspace [2008/07/23] emulated by memoir.
Package shortvrb [2008/07/23] emulated by memoir.
Package showidx [2008/07/23] emulated by memoir.
Package tabularx [2008/07/23] emulated by memoir.
Package titleref [2008/07/23] emulated by memoir.
Package titling [2008/07/23] emulated by memoir.
Package tocbibind [2008/07/23] emulated by memoir.
Package tocloft [2008/07/23] emulated by memoir.
Package tocvsec2 [2008/07/23] emulated by memoir.
Package verbatim [2008/07/23] emulated by memoir.
Package verse [2008/07/23] emulated by memoir.

(/usr/share/texlive/texmf-dist/tex/latex/memoir/mempatch.sty
Package: mempatch 2009/07/24 v6.0f Patches for memoir class v1.6180339
))
(./common/setup.tex
\c@draft=\count139
\c@showmarkup=\count140
\c@usealtfont=\count141
\c@fontfamily=\count142
\c@bibliosel=\count143
\c@mediadisplay=\count144
\c@imgprecompile=\count145
) (./common/packages.tex
(/usr/share/texlive/texmf-dist/tex/latex/etoolbox/etoolbox.sty
Package: etoolbox 2018/02/11 v2.5e e-TeX tools for LaTeX (JAW)
\etb@tempcnta=\count146
)
(/usr/share/texlive/texmf-dist/tex/latex/comment/comment.sty
\CommentStream=\write4

Excluding comment 'comment')
(/usr/share/texlive/texmf-dist/tex/latex/oberdiek/pdflscape.sty
Package: pdflscape 2016/05/14 v0.11 Display of landscape pages in PDF (HO)

(/usr/share/texlive/texmf-dist/tex/latex/graphics/lscape.sty
Package: lscape 2000/10/22 v3.01 Landscape Pages (DPC)

(/usr/share/texlive/texmf-dist/tex/latex/graphics/graphics.sty
Package: graphics 2017/06/25 v1.2c Standard LaTeX Graphics (DPC,SPQR)

(/usr/share/texlive/texmf-dist/tex/latex/graphics/trig.sty
Package: trig 2016/01/03 v1.10 sin cos tan (DPC)
)
(/usr/share/texlive/texmf-dist/tex/latex/graphics-cfg/graphics.cfg
File: graphics.cfg 2016/06/04 v1.11 sample graphics configuration
)
Package graphics Info: Driver file: xetex.def on input line 99.

(/usr/share/texlive/texmf-dist/tex/latex/graphics-def/xetex.def
File: xetex.def 2017/06/24 v5.0h Graphics/color driver for xetex
)))
Package pdflscape Info: Auto-detected driver: dvipdfm (xetex) on input line 99.


(/usr/share/texlive/texmf-dist/tex/generic/oberdiek/atbegshi.sty
Package: atbegshi 2016/06/09 v1.18 At begin shipout hook (HO)

(/usr/share/texlive/texmf-dist/tex/generic/oberdiek/infwarerr.sty
Package: infwarerr 2016/05/16 v1.4 Providing info/warning/error messages (HO)
)
(/usr/share/texlive/texmf-dist/tex/generic/oberdiek/ltxcmds.sty
Package: ltxcmds 2016/05/16 v1.23 LaTeX kernel commands for general use (HO)
)))
(/usr/share/texlive/texmf-dist/tex/latex/geometry/geometry.sty
Package: geometry 2010/09/12 v5.6 Page Geometry

(/usr/share/texlive/texmf-dist/tex/latex/graphics/keyval.sty
Package: keyval 2014/10/28 v1.15 key=value parser (DPC)
\KV@toks@=\toks22
)
(/usr/share/texlive/texmf-dist/tex/generic/oberdiek/ifvtex.sty
Package: ifvtex 2016/05/16 v1.6 Detect VTeX and its facilities (HO)
Package ifvtex Info: VTeX not detected.
)
\Gm@cnth=\count147
\Gm@cntv=\count148
\c@Gm@tempcnt=\count149
\Gm@bindingoffset=\dimen147
\Gm@wd@mp=\dimen148
\Gm@odd@mp=\dimen149
\Gm@even@mp=\dimen150
\Gm@layoutwidth=\dimen151
\Gm@layoutheight=\dimen152
\Gm@layouthoffset=\dimen153
\Gm@layoutvoffset=\dimen154
\Gm@dimlist=\toks23
)
(/usr/share/texlive/texmf-dist/tex/latex/amscls/amsthm.sty
Package: amsthm 2017/10/31 v2.20.4
\thm@style=\toks24
\thm@bodyfont=\toks25
\thm@headfont=\toks26
\thm@notefont=\toks27
\thm@headpunct=\toks28
\thm@preskip=\skip185
\thm@postskip=\skip186
\thm@headsep=\skip187
\dth@everypar=\toks29
)
(/usr/share/texlive/texmf-dist/tex/latex/amsmath/amsmath.sty
Package: amsmath 2017/09/02 v2.17a AMS math features
\@mathmargin=\skip188

For additional information on amsmath, use the `?' option.
(/usr/share/texlive/texmf-dist/tex/latex/amsmath/amstext.sty
Package: amstext 2000/06/29 v2.01 AMS text

(/usr/share/texlive/texmf-dist/tex/latex/amsmath/amsgen.sty
File: amsgen.sty 1999/11/30 v2.0 generic functions
\@emptytoks=\toks30
\ex@=\dimen155
))
(/usr/share/texlive/texmf-dist/tex/latex/amsmath/amsbsy.sty
Package: amsbsy 1999/11/29 v1.2d Bold Symbols
\pmbraise@=\dimen156
)
(/usr/share/texlive/texmf-dist/tex/latex/amsmath/amsopn.sty
Package: amsopn 2016/03/08 v2.02 operator names
)
\inf@bad=\count150
LaTeX Info: Redefining \frac on input line 213.
\uproot@=\count151
\leftroot@=\count152
LaTeX Info: Redefining \overline on input line 375.
\classnum@=\count153
\DOTSCASE@=\count154
LaTeX Info: Redefining \ldots on input line 472.
LaTeX Info: Redefining \dots on input line 475.
LaTeX Info: Redefining \cdots on input line 596.
\Mathstrutbox@=\box29
\strutbox@=\box30
\big@size=\dimen157
LaTeX Font Info:    Redeclaring font encoding OML on input line 712.
LaTeX Font Info:    Redeclaring font encoding OMS on input line 713.
\macc@depth=\count155
\c@MaxMatrixCols=\count156
\dotsspace@=\muskip10
\c@parentequation=\count157
\dspbrk@lvl=\count158
\tag@help=\toks31
\row@=\count159
\column@=\count160
\maxfields@=\count161
\andhelp@=\toks32
\eqnshift@=\dimen158
\alignsep@=\dimen159
\tagshift@=\dimen160
\tagwidth@=\dimen161
\totwidth@=\dimen162
\lineht@=\dimen163
\@envbody=\toks33
\multlinegap=\skip189
\multlinetaggap=\skip190
\mathdisplay@stack=\toks34
LaTeX Info: Redefining \[ on input line 2817.
LaTeX Info: Redefining \] on input line 2818.
)
(/usr/share/texlive/texmf-dist/tex/latex/amsmath/amscd.sty
Package: amscd 2017/04/14 v2.1 AMS Commutative Diagrams
\athelp@=\toks35
\minaw@=\dimen164
\bigaw@=\dimen165
\minCDarrowwidth=\dimen166
)
(/usr/share/texlive/texmf-dist/tex/latex/amsfonts/amsfonts.sty
Package: amsfonts 2013/01/14 v3.01 Basic AMSFonts support
\symAMSa=\mathgroup4
\symAMSb=\mathgroup5
LaTeX Font Info:    Overwriting math alphabet `\mathfrak' in version `bold'
(Font)                  U/euf/m/n --> U/euf/b/n on input line 106.
)
(/usr/share/texlive/texmf-dist/tex/latex/amsfonts/amssymb.sty
Package: amssymb 2013/01/14 v3.01 AMS font symbols
)
(/usr/share/texlive/texmf-dist/tex/latex/mathtools/mathtools.sty
Package: mathtools 2018/01/08 v1.21 mathematical typesetting tools

(/usr/share/texlive/texmf-dist/tex/latex/tools/calc.sty
Package: calc 2014/10/28 v4.3 Infix arithmetic (KKT,FJ)
\calc@Acount=\count162
\calc@Bcount=\count163
\calc@Adimen=\dimen167
\calc@Bdimen=\dimen168
\calc@Askip=\skip191
\calc@Bskip=\skip192
LaTeX Info: Redefining \setlength on input line 80.
LaTeX Info: Redefining \addtolength on input line 81.
\calc@Ccount=\count164
\calc@Cskip=\skip193
)
(/usr/share/texlive/texmf-dist/tex/latex/mathtools/mhsetup.sty
Package: mhsetup 2017/03/31 v1.3 programming setup (MH)
)
LaTeX Info: Thecontrolsequence`\('isalreadyrobust on input line 129.
LaTeX Info: Thecontrolsequence`\)'isalreadyrobust on input line 129.
LaTeX Info: Thecontrolsequence`\['isalreadyrobust on input line 129.
LaTeX Info: Thecontrolsequence`\]'isalreadyrobust on input line 129.
\g_MT_multlinerow_int=\count165
\l_MT_multwidth_dim=\dimen169
\origjot=\skip194
\l_MT_shortvdotswithinadjustabove_dim=\dimen170
\l_MT_shortvdotswithinadjustbelow_dim=\dimen171
\l_MT_above_intertext_sep=\dimen172
\l_MT_below_intertext_sep=\dimen173
\l_MT_above_shortintertext_sep=\dimen174
\l_MT_below_shortintertext_sep=\dimen175
)
(/usr/share/texlive/texmf-dist/tex/latex/l3packages/xfrac/xfrac.sty
(/usr/share/texlive/texmf-dist/tex/latex/l3kernel/expl3.sty
Package: expl3 2018/02/21 L3 programming layer (loader) 

(/usr/share/texlive/texmf-dist/tex/latex/l3kernel/expl3-code.tex
Package: expl3 2018/02/21 L3 programming layer (code)
\c_max_int=\count166
\l_tmpa_int=\count167
\l_tmpb_int=\count168
\g_tmpa_int=\count169
\g_tmpb_int=\count170
\g__intarray_font_int=\count171
\g__prg_map_int=\count172
\c_log_iow=\count173
\l_iow_line_count_int=\count174
\l__iow_line_target_int=\count175
\l__iow_one_indent_int=\count176
\l__iow_indent_int=\count177
\c_zero_dim=\dimen176
\c_max_dim=\dimen177
\l_tmpa_dim=\dimen178
\l_tmpb_dim=\dimen179
\g_tmpa_dim=\dimen180
\g_tmpb_dim=\dimen181
\c_zero_skip=\skip256
\c_max_skip=\skip257
\l_tmpa_skip=\skip258
\l_tmpb_skip=\skip259
\g_tmpa_skip=\skip260
\g_tmpb_skip=\skip261
\c_zero_muskip=\muskip11
\c_max_muskip=\muskip12
\l_tmpa_muskip=\muskip13
\l_tmpb_muskip=\muskip14
\g_tmpa_muskip=\muskip15
\g_tmpb_muskip=\muskip16
\l_keys_choice_int=\count178
\c__fp_leading_shift_int=\count179
\c__fp_middle_shift_int=\count180
\c__fp_trailing_shift_int=\count181
\c__fp_big_leading_shift_int=\count182
\c__fp_big_middle_shift_int=\count183
\c__fp_big_trailing_shift_int=\count184
\c__fp_Bigg_leading_shift_int=\count185
\c__fp_Bigg_middle_shift_int=\count186
\c__fp_Bigg_trailing_shift_int=\count187
\l__sort_length_int=\count188
\l__sort_min_int=\count189
\l__sort_top_int=\count190
\l__sort_max_int=\count191
\l__sort_true_max_int=\count192
\l__sort_block_int=\count193
\l__sort_begin_int=\count194
\l__sort_end_int=\count266
\l__sort_A_int=\count267
\l__sort_B_int=\count268
\l__sort_C_int=\count269
\l__tl_build_start_index_int=\count270
\l__tl_build_index_int=\count271
\l__tl_analysis_normal_int=\count272
\l__tl_analysis_index_int=\count273
\l__tl_analysis_nesting_int=\count274
\l__tl_analysis_type_int=\count275
\l__regex_internal_a_int=\count276
\l__regex_internal_b_int=\count277
\l__regex_internal_c_int=\count278
\l__regex_balance_int=\count279
\l__regex_group_level_int=\count280
\l__regex_mode_int=\count281
\c__regex_cs_in_class_mode_int=\count282
\c__regex_cs_mode_int=\count283
\l__regex_catcodes_int=\count284
\l__regex_default_catcodes_int=\count285
\c__regex_catcode_L_int=\count286
\c__regex_catcode_O_int=\count287
\c__regex_catcode_A_int=\count288
\c__regex_all_catcodes_int=\count289
\l__regex_show_lines_int=\count290
\l__regex_min_state_int=\count291
\l__regex_max_state_int=\count292
\l__regex_left_state_int=\count293
\l__regex_right_state_int=\count294
\l__regex_capturing_group_int=\count295
\l__regex_min_pos_int=\count296
\l__regex_max_pos_int=\count297
\l__regex_curr_pos_int=\count298
\l__regex_start_pos_int=\count299
\l__regex_success_pos_int=\count300
\l__regex_curr_char_int=\count301
\l__regex_curr_catcode_int=\count302
\l__regex_last_char_int=\count303
\l__regex_case_changed_char_int=\count304
\l__regex_curr_state_int=\count305
\l__regex_step_int=\count306
\l__regex_min_active_int=\count307
\l__regex_max_active_int=\count308
\l__regex_replacement_csnames_int=\count309
\l__regex_match_count_int=\count310
\l__regex_min_submatch_int=\count311
\l__regex_submatch_int=\count312
\l__regex_zeroth_submatch_int=\count313
\g__regex_trace_regex_int=\count314
\c_empty_box=\box31
\l_tmpa_box=\box32
\l_tmpb_box=\box33
\g_tmpa_box=\box34
\g_tmpb_box=\box35
\l__box_top_dim=\dimen182
\l__box_bottom_dim=\dimen183
\l__box_left_dim=\dimen184
\l__box_right_dim=\dimen185
\l__box_top_new_dim=\dimen186
\l__box_bottom_new_dim=\dimen187
\l__box_left_new_dim=\dimen188
\l__box_right_new_dim=\dimen189
\l__box_internal_box=\box36
\l__coffin_internal_box=\box37
\l__coffin_internal_dim=\dimen190
\l__coffin_offset_x_dim=\dimen191
\l__coffin_offset_y_dim=\dimen192
\l__coffin_x_dim=\dimen193
\l__coffin_y_dim=\dimen194
\l__coffin_x_prime_dim=\dimen256
\l__coffin_y_prime_dim=\dimen257
\c_empty_coffin=\box38
\l__coffin_aligned_coffin=\box39
\l__coffin_aligned_internal_coffin=\box40
\l_tmpa_coffin=\box41
\l_tmpb_coffin=\box42
\l__coffin_display_coffin=\box43
\l__coffin_display_coord_coffin=\box44
\l__coffin_display_pole_coffin=\box45
\l__coffin_display_offset_dim=\dimen258
\l__coffin_display_x_dim=\dimen259
\l__coffin_display_y_dim=\dimen260
\l__coffin_bounding_shift_dim=\dimen261
\l__coffin_left_corner_dim=\dimen262
\l__coffin_right_corner_dim=\dimen263
\l__coffin_bottom_corner_dim=\dimen264
\l__coffin_top_corner_dim=\dimen265
\l__coffin_scaled_total_height_dim=\dimen266
\l__coffin_scaled_width_dim=\dimen267
)
(/usr/share/texlive/texmf-dist/tex/latex/l3kernel/l3xdvipdfmx.def
File: l3xdvidpfmx.def 2017/03/18 v L3 Experimental driver: xdvipdfmx
\g__driver_image_int=\count315
\l__driver_tmp_box=\box46
))
(/usr/share/texlive/texmf-dist/tex/latex/graphics/graphicx.sty
Package: graphicx 2017/06/01 v1.1a Enhanced LaTeX Graphics (DPC,SPQR)
\Gin@req@height=\dimen268
\Gin@req@width=\dimen269
)
(/usr/share/texlive/texmf-dist/tex/latex/l3packages/l3keys2e/l3keys2e.sty
Package: l3keys2e 2018/02/21 LaTeX2e option processing using LaTeX3 keys
)
(/usr/share/texlive/texmf-dist/tex/latex/base/textcomp.sty
Package: textcomp 2017/04/05 v2.0i Standard LaTeX package
Package textcomp Info: Sub-encoding information:
(textcomp)               5 = only ISO-Adobe without \textcurrency
(textcomp)               4 = 5 + \texteuro
(textcomp)               3 = 4 + \textohm
(textcomp)               2 = 3 + \textestimated + \textcurrency
(textcomp)               1 = TS1 - \textcircled - \t
(textcomp)               0 = TS1 (full)
(textcomp)             Font families with sub-encoding setting implement
(textcomp)             only a restricted character set as indicated.
(textcomp)             Family '?' is the default used for unknown fonts.
(textcomp)             See the documentation for details.
Package textcomp Info: Setting ? sub-encoding to TS1/1 on input line 79.

(/usr/share/texlive/texmf-dist/tex/latex/base/ts1enc.def
File: ts1enc.def 2001/06/05 v3.0e (jk/car/fm) Standard LaTeX file
)
LaTeX Info: Redefining \oldstylenums on input line 334.
Package textcomp Info: Setting cmr sub-encoding to TS1/0 on input line 349.
Package textcomp Info: Setting cmss sub-encoding to TS1/0 on input line 350.
Package textcomp Info: Setting cmtt sub-encoding to TS1/0 on input line 351.
Package textcomp Info: Setting cmvtt sub-encoding to TS1/0 on input line 352.
Package textcomp Info: Setting cmbr sub-encoding to TS1/0 on input line 353.
Package textcomp Info: Setting cmtl sub-encoding to TS1/0 on input line 354.
Package textcomp Info: Setting ccr sub-encoding to TS1/0 on input line 355.
Package textcomp Info: Setting ptm sub-encoding to TS1/4 on input line 356.
Package textcomp Info: Setting pcr sub-encoding to TS1/4 on input line 357.
Package textcomp Info: Setting phv sub-encoding to TS1/4 on input line 358.
Package textcomp Info: Setting ppl sub-encoding to TS1/3 on input line 359.
Package textcomp Info: Setting pag sub-encoding to TS1/4 on input line 360.
Package textcomp Info: Setting pbk sub-encoding to TS1/4 on input line 361.
Package textcomp Info: Setting pnc sub-encoding to TS1/4 on input line 362.
Package textcomp Info: Setting pzc sub-encoding to TS1/4 on input line 363.
Package textcomp Info: Setting bch sub-encoding to TS1/4 on input line 364.
Package textcomp Info: Setting put sub-encoding to TS1/5 on input line 365.
Package textcomp Info: Setting uag sub-encoding to TS1/5 on input line 366.
Package textcomp Info: Setting ugq sub-encoding to TS1/5 on input line 367.
Package textcomp Info: Setting ul8 sub-encoding to TS1/4 on input line 368.
Package textcomp Info: Setting ul9 sub-encoding to TS1/4 on input line 369.
Package textcomp Info: Setting augie sub-encoding to TS1/5 on input line 370.
Package textcomp Info: Setting dayrom sub-encoding to TS1/3 on input line 371.
Package textcomp Info: Setting dayroms sub-encoding to TS1/3 on input line 372.

Package textcomp Info: Setting pxr sub-encoding to TS1/0 on input line 373.
Package textcomp Info: Setting pxss sub-encoding to TS1/0 on input line 374.
Package textcomp Info: Setting pxtt sub-encoding to TS1/0 on input line 375.
Package textcomp Info: Setting txr sub-encoding to TS1/0 on input line 376.
Package textcomp Info: Setting txss sub-encoding to TS1/0 on input line 377.
Package textcomp Info: Setting txtt sub-encoding to TS1/0 on input line 378.
Package textcomp Info: Setting lmr sub-encoding to TS1/0 on input line 379.
Package textcomp Info: Setting lmdh sub-encoding to TS1/0 on input line 380.
Package textcomp Info: Setting lmss sub-encoding to TS1/0 on input line 381.
Package textcomp Info: Setting lmssq sub-encoding to TS1/0 on input line 382.
Package textcomp Info: Setting lmvtt sub-encoding to TS1/0 on input line 383.
Package textcomp Info: Setting lmtt sub-encoding to TS1/0 on input line 384.
Package textcomp Info: Setting qhv sub-encoding to TS1/0 on input line 385.
Package textcomp Info: Setting qag sub-encoding to TS1/0 on input line 386.
Package textcomp Info: Setting qbk sub-encoding to TS1/0 on input line 387.
Package textcomp Info: Setting qcr sub-encoding to TS1/0 on input line 388.
Package textcomp Info: Setting qcs sub-encoding to TS1/0 on input line 389.
Package textcomp Info: Setting qpl sub-encoding to TS1/0 on input line 390.
Package textcomp Info: Setting qtm sub-encoding to TS1/0 on input line 391.
Package textcomp Info: Setting qzc sub-encoding to TS1/0 on input line 392.
Package textcomp Info: Setting qhvc sub-encoding to TS1/0 on input line 393.
Package textcomp Info: Setting futs sub-encoding to TS1/4 on input line 394.
Package textcomp Info: Setting futx sub-encoding to TS1/4 on input line 395.
Package textcomp Info: Setting futj sub-encoding to TS1/4 on input line 396.
Package textcomp Info: Setting hlh sub-encoding to TS1/3 on input line 397.
Package textcomp Info: Setting hls sub-encoding to TS1/3 on input line 398.
Package textcomp Info: Setting hlst sub-encoding to TS1/3 on input line 399.
Package textcomp Info: Setting hlct sub-encoding to TS1/5 on input line 400.
Package textcomp Info: Setting hlx sub-encoding to TS1/5 on input line 401.
Package textcomp Info: Setting hlce sub-encoding to TS1/5 on input line 402.
Package textcomp Info: Setting hlcn sub-encoding to TS1/5 on input line 403.
Package textcomp Info: Setting hlcw sub-encoding to TS1/5 on input line 404.
Package textcomp Info: Setting hlcf sub-encoding to TS1/5 on input line 405.
Package textcomp Info: Setting pplx sub-encoding to TS1/3 on input line 406.
Package textcomp Info: Setting pplj sub-encoding to TS1/3 on input line 407.
Package textcomp Info: Setting ptmx sub-encoding to TS1/4 on input line 408.
Package textcomp Info: Setting ptmj sub-encoding to TS1/4 on input line 409.
)
(/usr/share/texlive/texmf-dist/tex/latex/l3packages/xparse/xparse.sty
Package: xparse 2018/02/21 L3 Experimental document command parser
\l__xparse_current_arg_int=\count316
\g__xparse_grabber_int=\count317
\l__xparse_m_args_int=\count318
\l__xparse_mandatory_args_int=\count319
\l__xparse_v_nesting_int=\count320
)
(/usr/share/texlive/texmf-dist/tex/latex/l3packages/xtemplate/xtemplate.sty
Package: xtemplate 2018/02/21 L3 Experimental prototype document functions
\l__xtemplate_tmp_dim=\dimen270
\l__xtemplate_tmp_int=\count321
\l__xtemplate_tmp_muskip=\muskip17
\l__xtemplate_tmp_skip=\skip262
)
Package: xfrac 2018/02/21 L3 Experimental split-level fractions
\l__xfrac_slash_box=\box47
\l__xfrac_tmp_box=\box48
\l__xfrac_denominator_bot_sep_dim=\dimen271
\l__xfrac_numerator_bot_sep_dim=\dimen272
\l__xfrac_numerator_top_sep_dim=\dimen273
\l__xfrac_slash_left_sep_dim=\dimen274
\l__xfrac_slash_right_sep_dim=\dimen275
\l__xfrac_slash_left_muskip=\muskip18
\l__xfrac_slash_right_muskip=\muskip19
.................................................
. xtemplate info: "declare-object-type"
. 
. Declaring object type 'xfrac' taking 3 argument(s) on line 80.
.................................................
.................................................
. LaTeX info: "xparse/define-command"
. 
. Defining command \sfrac with sig. 'omom' on line 420.
.................................................
)
(/usr/share/texlive/texmf-dist/tex/latex/siunitx/siunitx.sty
Package: siunitx 2017/11/26 v2.7k A comprehensive (SI) units package
\l__siunitx_tmp_box=\box49
\l__siunitx_tmp_dim=\dimen276
\l__siunitx_tmp_int=\count322
\l__siunitx_number_mantissa_length_int=\count323
\l__siunitx_number_uncert_length_int=\count324
\l__siunitx_round_int=\count325
\l__siunitx_process_decimal_int=\count326
\l__siunitx_process_uncertainty_int=\count327
\l__siunitx_process_fixed_int=\count328
\l__siunitx_process_integer_min_int=\count329
\l__siunitx_process_precision_int=\count330
\l__siunitx_group_min_int=\count331
\l__siunitx_angle_marker_box=\box50
\l__siunitx_angle_unit_box=\box51
\l__siunitx_angle_marker_dim=\dimen277
\l__siunitx_angle_unit_dim=\dimen278
\l__siunitx_unit_int=\count332
\l__siunitx_unit_denominator_int=\count333
\l__siunitx_unit_numerator_int=\count334
\l__siunitx_unit_prefix_int=\count335
\l__siunitx_unit_prefix_base_int=\count336
\l__siunitx_unit_prefix_gram_int=\count337
\l__siunitx_number_product_int=\count338
\c__siunitx_one_fill_skip=\skip263
\l__siunitx_table_unit_align_skip=\skip264
\l__siunitx_table_exponent_dim=\dimen279
\l__siunitx_table_integer_dim=\dimen280
\l__siunitx_table_mantissa_dim=\dimen281
\l__siunitx_table_marker_dim=\dimen282
\l__siunitx_table_result_dim=\dimen283
\l__siunitx_table_uncert_dim=\dimen284
\l__siunitx_table_fill_pre_dim=\dimen285
\l__siunitx_table_fill_post_dim=\dimen286
\l__siunitx_table_fill_mid_dim=\dimen287
\l__siunitx_table_pre_box=\box52
\l__siunitx_table_post_box=\box53
\l__siunitx_table_mantissa_box=\box54
\l__siunitx_table_result_box=\box55
\l__siunitx_table_number_align_skip=\skip265
\l__siunitx_table_text_align_skip=\skip266
.................................................
. LaTeX info: "xparse/define-command"
. 
. Defining command \DeclareBinaryPrefix with sig. 'mmm' on line 7250.
.................................................
.................................................
. LaTeX info: "xparse/define-command"
. 
. Defining command \DeclareSIPostPower with sig. 'mm' on line 7253.
.................................................
.................................................
. LaTeX info: "xparse/define-command"
. 
. Defining command \DeclareSIPrefix with sig. 'mmm' on line 7256.
.................................................
.................................................
. LaTeX info: "xparse/define-command"
. 
. Defining command \DeclareSIPrePower with sig. 'mm' on line 7259.
.................................................
.................................................
. LaTeX info: "xparse/define-command"
. 
. Defining command \DeclareSIQualifier with sig. 'mm' on line 7262.
.................................................
.................................................
. LaTeX info: "xparse/define-command"
. 
. Defining command \DeclareSIUnit with sig. 'O{}mm' on line 7265.
.................................................
.................................................
. LaTeX info: "xparse/define-command"
. 
. Defining command \DeclareSIUnitWithOptions with sig. 'mmm' on line 7268.
.................................................
.................................................
. LaTeX info: "xparse/define-command"
. 
. Defining command \ang with sig. 'o>{\SplitArgument {2}{;}}m' on line 7283.
.................................................
.................................................
. LaTeX info: "xparse/define-command"
. 
. Defining command \num with sig. 'om' on line 7292.
.................................................
.................................................
. LaTeX info: "xparse/define-command"
. 
. Defining command \numlist with sig. 'o>{\SplitList {;}}m' on line 7301.
.................................................
.................................................
. LaTeX info: "xparse/define-command"
. 
. Defining command \numrange with sig. 'omm' on line 7310.
.................................................
.................................................
. LaTeX info: "xparse/define-command"
. 
. Defining command \SIlist with sig. 'o>{\SplitList {;}}mm' on line 7322.
.................................................
.................................................
. LaTeX info: "xparse/define-command"
. 
. Defining command \SIrange with sig. 'ommm' on line 7334.
.................................................
.................................................
. LaTeX info: "xparse/define-command"
. 
. Defining command \SI with sig. 'omom' on line 7346.
.................................................
.................................................
. LaTeX info: "xparse/define-command"
. 
. Defining command \sisetup with sig. 'm' on line 7349.
.................................................
.................................................
. LaTeX info: "xparse/define-command"
. 
. Defining command \tablenum with sig. 'om' on line 7364.
.................................................
.................................................
. LaTeX info: "xparse/define-command"
. 
. Defining command \si with sig. 'om' on line 7376.
.................................................
.................................................
. LaTeX info: "xparse/define-command"
. 
. Defining command \numInBookmark with sig. 'om' on line 7423.
.................................................
.................................................
. LaTeX info: "xparse/define-command"
. 
. Defining command \numrangeInBookmark with sig. 'omm' on line 7425.
.................................................
.................................................
. LaTeX info: "xparse/define-command"
. 
. Defining command \SIInBookmark with sig. 'omom' on line 7427.
.................................................
.................................................
. LaTeX info: "xparse/define-command"
. 
. Defining command \SIlistInBookmark with sig. 'omm' on line 7429.
.................................................
.................................................
. LaTeX info: "xparse/define-command"
. 
. Defining command \SIrangeInBookmark with sig. 'ommm' on line 7431.
.................................................
.................................................
. LaTeX info: "xparse/define-command"
. 
. Defining command \siInBookmark with sig. 'om' on line 7432.
.................................................
\g__file_internal_ior=\read2

(/usr/share/texlive/texmf-dist/tex/latex/translator/translator.sty
Package: translator 2018/01/04 v1.12 Easy translation of strings in LaTeX
)
(./siunitx.cfg
File: siunitx.cfg 
))
subequations patched
\curtextsize=\skip267
\bigtextsize=\skip268
(/usr/share/texlive/texmf-dist/tex/latex/polyglossia/polyglossia.sty
Package: polyglossia 2015/03/25 v1.42.4 Alternative to Babel for XeLaTeX and Lu
aLaTeX

(/usr/share/texlive/texmf-dist/tex/latex/makecmds/makecmds.sty
Package: makecmds 2009/09/03 v1.0a extra command making commands
)
(/usr/share/texlive/texmf-dist/tex/latex/xkeyval/xkeyval.sty
Package: xkeyval 2014/12/03 v2.7a package option processing (HA)

(/usr/share/texlive/texmf-dist/tex/generic/xkeyval/xkeyval.tex
(/usr/share/texlive/texmf-dist/tex/generic/xkeyval/xkvutils.tex
\XKV@toks=\toks36
\XKV@tempa@toks=\toks37
)
\XKV@depth=\count339
File: xkeyval.tex 2014/12/03 v2.7a key=value parser (HA)
))
(/usr/share/texlive/texmf-dist/tex/latex/fontspec/fontspec.sty
Package: fontspec 2017/11/09 v2.6g Font selection for XeLaTeX and LuaLaTeX

(/usr/share/texlive/texmf-dist/tex/latex/fontspec/fontspec-xetex.sty
Package: fontspec-xetex 2017/11/09 v2.6g Font selection for XeLaTeX and LuaLaTe
X
\l__fontspec_script_int=\count340
\l__fontspec_language_int=\count341
\l__fontspec_strnum_int=\count342
\l__fontspec_tmp_int=\count343
\l__fontspec_em_int=\count344
\l__fontspec_emdef_int=\count345
\l__fontspec_strong_int=\count346
\l__fontspec_strongdef_int=\count347
\l__fontspec_tmpa_dim=\dimen288
\l__fontspec_tmpb_dim=\dimen289
\l__fontspec_tmpc_dim=\dimen290

(/usr/share/texlive/texmf-dist/tex/latex/base/fontenc.sty
Package: fontenc 2017/04/05 v2.0i Standard LaTeX package

(/usr/share/texlive/texmf-dist/tex/latex/base/tuenc.def
File: tuenc.def 2017/04/05 v2.0i Standard LaTeX file
LaTeX Font Info:    Redeclaring font encoding TU on input line 82.
))
.................................................
. LaTeX info: "xparse/define-command"
. 
. Defining command \fontspec with sig. 'O{}mO{}' on line 542.
.................................................
.................................................
. LaTeX info: "xparse/define-command"
. 
. Defining command \setmainfont with sig. 'O{}mO{}' on line 546.
.................................................
.................................................
. LaTeX info: "xparse/define-command"
. 
. Defining command \setsansfont with sig. 'O{}mO{}' on line 550.
.................................................
.................................................
. LaTeX info: "xparse/define-command"
. 
. Defining command \setmonofont with sig. 'O{}mO{}' on line 554.
.................................................
.................................................
. LaTeX info: "xparse/define-command"
. 
. Defining command \setmathrm with sig. 'O{}mO{}' on line 558.
.................................................
.................................................
. LaTeX info: "xparse/define-command"
. 
. Defining command \setboldmathrm with sig. 'O{}mO{}' on line 562.
.................................................
.................................................
. LaTeX info: "xparse/define-command"
. 
. Defining command \setmathsf with sig. 'O{}mO{}' on line 566.
.................................................
.................................................
. LaTeX info: "xparse/define-command"
. 
. Defining command \setmathtt with sig. 'O{}mO{}' on line 570.
.................................................
.................................................
. LaTeX info: "xparse/define-command"
. 
. Defining command \setromanfont with sig. 'O{}mO{}' on line 574.
.................................................
.................................................
. LaTeX info: "xparse/define-command"
. 
. Defining command \newfontfamily with sig. 'mO{}mO{}' on line 578.
.................................................
.................................................
. LaTeX info: "xparse/define-command"
. 
. Defining command \newfontface with sig. 'mO{}mO{}' on line 582.
.................................................
.................................................
. LaTeX info: "xparse/define-command"
. 
. Defining command \defaultfontfeatures with sig. 't+om' on line 586.
.................................................
.................................................
. LaTeX info: "xparse/define-command"
. 
. Defining command \addfontfeatures with sig. 'm' on line 590.
.................................................
.................................................
. LaTeX info: "xparse/define-command"
. 
. Defining command \addfontfeature with sig. 'm' on line 594.
.................................................
.................................................
. LaTeX info: "xparse/define-command"
. 
. Defining command \newfontfeature with sig. 'mm' on line 598.
.................................................
.................................................
. LaTeX info: "xparse/define-command"
. 
. Defining command \newAATfeature with sig. 'mmmm' on line 602.
.................................................
.................................................
. LaTeX info: "xparse/define-command"
. 
. Defining command \newopentypefeature with sig. 'mmm' on line 606.
.................................................
.................................................
. LaTeX info: "xparse/define-command"
. 
. Defining command \newICUfeature with sig. 'mmm' on line 610.
.................................................
.................................................
. LaTeX info: "xparse/define-command"
. 
. Defining command \aliasfontfeature with sig. 'mm' on line 614.
.................................................
.................................................
. LaTeX info: "xparse/define-command"
. 
. Defining command \aliasfontfeatureoption with sig. 'mmm' on line 618.
.................................................
.................................................
. LaTeX info: "xparse/define-command"
. 
. Defining command \newfontscript with sig. 'mm' on line 622.
.................................................
.................................................
. LaTeX info: "xparse/define-command"
. 
. Defining command \newfontlanguage with sig. 'mm' on line 626.
.................................................
.................................................
. LaTeX info: "xparse/define-command"
. 
. Defining command \DeclareFontsExtensions with sig. 'm' on line 630.
.................................................
.................................................
. LaTeX info: "xparse/define-command"
. 
. Defining command \IfFontFeatureActiveTF with sig. 'mmm' on line 634.
.................................................
.................................................
. LaTeX info: "xparse/define-command"
. 
. Defining command \EncodingCommand with sig. 'mO{}m' on line 3632.
.................................................
.................................................
. LaTeX info: "xparse/define-command"
. 
. Defining command \EncodingAccent with sig. 'mm' on line 3638.
.................................................
.................................................
. LaTeX info: "xparse/define-command"
. 
. Defining command \EncodingSymbol with sig. 'mm' on line 3644.
.................................................
.................................................
. LaTeX info: "xparse/define-command"
. 
. Defining command \EncodingComposite with sig. 'mmm' on line 3650.
.................................................
.................................................
. LaTeX info: "xparse/define-command"
. 
. Defining command \EncodingCompositeCommand with sig. 'mmm' on line 3656.
.................................................
.................................................
. LaTeX info: "xparse/define-command"
. 
. Defining command \DeclareUnicodeEncoding with sig. 'mm' on line 3681.
.................................................
.................................................
. LaTeX info: "xparse/define-command"
. 
. Defining command \UndeclareSymbol with sig. 'm' on line 3687.
.................................................
.................................................
. LaTeX info: "xparse/define-command"
. 
. Defining command \UndeclareAccent with sig. 'm' on line 3693.
.................................................
.................................................
. LaTeX info: "xparse/define-command"
. 
. Defining command \UndeclareCommand with sig. 'm' on line 3699.
.................................................
.................................................
. LaTeX info: "xparse/define-command"
. 
. Defining command \UndeclareComposite with sig. 'mm' on line 3706.
.................................................

(/usr/share/texlive/texmf-dist/tex/latex/fontspec/fontspec.cfg)
LaTeX Info: Redefining \itshape on input line 3891.
LaTeX Info: Redefining \slshape on input line 3896.
LaTeX Info: Redefining \scshape on input line 3901.
LaTeX Info: Redefining \upshape on input line 3906.
LaTeX Info: Redefining \em on input line 3936.
LaTeX Info: Redefining \emph on input line 3961.
LaTeX Info: Redefining \- on input line 4015.
.................................................
. LaTeX info: "xparse/redefine-command"
. 
. Redefining command \oldstylenums with sig. 'm' on line 4110.
.................................................
.................................................
. LaTeX info: "xparse/define-command"
. 
. Defining command \liningnums with sig. 'm' on line 4114.
.................................................
))
\xpg@normalclass=\XeTeXcharclass1
)
(/usr/share/texlive/texmf-dist/tex/latex/tools/indentfirst.sty
Package: indentfirst 1995/11/23 v1.03 Indent first paragraph (DPC)
)
(/usr/share/texlive/texmf-dist/tex/latex/xcolor/xcolor.sty
Package: xcolor 2016/05/11 v2.12 LaTeX color extensions (UK)

(/usr/share/texlive/texmf-dist/tex/latex/graphics-cfg/color.cfg
File: color.cfg 2016/01/02 v1.6 sample color configuration
)
Package xcolor Info: Driver file: xetex.def on input line 225.

(/usr/share/texlive/texmf-dist/tex/latex/colortbl/colortbl.sty
Package: colortbl 2012/02/13 v1.0a Color table columns (DPC)
\everycr=\toks38
\minrowclearance=\skip269
)
\rownum=\count348
Package xcolor Info: Model `cmy' substituted by `cmy0' on input line 1348.
Package xcolor Info: Model `RGB' extended on input line 1364.
Package xcolor Info: Model `HTML' substituted by `rgb' on input line 1366.
Package xcolor Info: Model `Hsb' substituted by `hsb' on input line 1367.
Package xcolor Info: Model `tHsb' substituted by `hsb' on input line 1368.
Package xcolor Info: Model `HSB' substituted by `hsb' on input line 1369.
Package xcolor Info: Model `Gray' substituted by `gray' on input line 1370.
Package xcolor Info: Model `wave' substituted by `hsb' on input line 1371.

(/usr/share/texlive/texmf-dist/tex/latex/graphics/dvipsnam.def
File: dvipsnam.def 2016/06/17 v3.0m Driver-dependent file (DPC,SPQR)
))
(/usr/share/texlive/texmf-dist/tex/latex/tools/longtable.sty
Package: longtable 2014/10/28 v4.11 Multi-page Table package (DPC)
\LTleft=\skip270
\LTright=\skip271
\LTpre=\skip272
\LTpost=\skip273
\LTchunksize=\count349
\LTcapwidth=\dimen291
\LT@head=\box56
\LT@firsthead=\box57
\LT@foot=\box58
\LT@lastfoot=\box59
\LT@cols=\count350
\LT@rows=\count351
\c@LT@tables=\count352
\c@LT@chunks=\count353
\LT@p@ftn=\toks39
)
(/usr/share/texlive/texmf-dist/tex/latex/caption/ltcaption.sty
Package: ltcaption 2013/06/09 v1.4-94 longtable captions (AR)
\LTcapskip=\skip274
\LTcapleft=\skip275
\LTcapright=\skip276
)
(/usr/share/texlive/texmf-dist/tex/latex/multirow/multirow.sty
Package: multirow 2016/11/25 v2.2 Span multiple rows of a table
\multirow@colwidth=\skip277
\multirow@cntb=\count354
\multirow@dima=\skip278
\bigstrutjot=\dimen292
)
(/usr/share/texlive/texmf-dist/tex/latex/makecell/makecell.sty
Package: makecell 2009/08/03 V0.1e Managing of Tab Column Heads and Cells
\rotheadsize=\dimen293
\c@nlinenum=\count355
\TeXr@lab=\toks40
)
(/usr/share/texlive/texmf-dist/tex/latex/tabu/tabu.sty
Package: tabu 2011/02/26 v2.8 - flexible LaTeX tabulars (FC)

(/usr/share/texlive/texmf-dist/tex/latex/varwidth/varwidth.sty
Package: varwidth 2009/03/30 ver 0.92;  Variable-width minipages
\@vwid@box=\box60
\sift@deathcycles=\count356
\@vwid@loff=\dimen294
\@vwid@roff=\dimen295
)
\c@taburow=\count357
\tabu@nbcols=\count358
\tabu@cnt=\count359
\tabu@Xcol=\count360
\tabu@alloc=\count361
\tabu@nested=\count362
\tabu@target=\dimen296
\tabu@spreadtarget=\dimen297
\tabu@naturalX=\dimen298
\tabucolX=\dimen299
\tabu@Xsum=\dimen300
\extrarowdepth=\dimen301
\abovetabulinesep=\dimen302
\belowtabulinesep=\dimen303
\tabustrutrule=\dimen304
\tabu@thebody=\toks41
\tabu@footnotes=\toks42
\tabu@box=\box61
\tabu@arstrutbox=\box62
\tabu@hleads=\box63
\tabu@vleads=\box64
\tabu@cellskip=\skip279
)
(/usr/share/texlive/texmf-dist/tex/latex/tabulary/tabulary.sty
Package: tabulary 2014/06/11 v0.10 tabulary package (DPC)
\TY@count=\count363
\TY@linewidth=\dimen305
\tymin=\dimen306
\tymax=\dimen307
\TY@tablewidth=\dimen308
)
(/usr/share/texlive/texmf-dist/tex/latex/threeparttable/threeparttable.sty
Package: threeparttable 2003/06/13  v 3.0
\@tempboxb=\box65
)
(/usr/share/texlive/texmf-dist/tex/generic/oberdiek/soulutf8.sty
Package: soulutf8 2016/05/16 v1.1 Permit use of UTF-8 characters in soul (HO)

(/usr/share/texlive/texmf-dist/tex/latex/soul/soul.sty
Package: soul 2003/11/17 v2.4 letterspacing/underlining (mf)
\SOUL@word=\toks43
\SOUL@lasttoken=\toks44
\SOUL@cmds=\toks45
\SOUL@buffer=\toks46
\SOUL@token=\toks47
\SOUL@spaceskip=\skip280
\SOUL@ttwidth=\dimen309
\SOUL@uldp=\dimen310
\SOUL@ulht=\dimen311
)
(/usr/share/texlive/texmf-dist/tex/generic/oberdiek/etexcmds.sty
Package: etexcmds 2016/05/16 v1.6 Avoid name clashes with e-TeX commands (HO)
Package etexcmds Info: Could not find \expanded.
(etexcmds)             That can mean that you are not using pdfTeX 1.50 or
(etexcmds)             that some package has redefined \expanded.
(etexcmds)             In the latter case, load this package earlier.
))
(/usr/share/texlive/texmf-dist/tex/latex/was/icomma.sty
Package: icomma 2002/03/10 v2.0 (WaS)
)
(/usr/share/texlive/texmf-dist/tex/latex/impnattypo/impnattypo.sty
Package: impnattypo 2015/02/25 1.4 Typographic utilities inspired by the French
 Imprimerie Nationale
Package: impnattypo 

(/usr/share/texlive/texmf-dist/tex/latex/oberdiek/kvoptions.sty
Package: kvoptions 2016/05/16 v3.12 Key value format for package options (HO)

(/usr/share/texlive/texmf-dist/tex/generic/oberdiek/kvsetkeys.sty
Package: kvsetkeys 2016/05/16 v1.17 Key value parser (HO)
)))
(/usr/share/texlive/texmf-dist/tex/latex/pgf/frontendlayer/tikz.sty
(/usr/share/texlive/texmf-dist/tex/latex/pgf/basiclayer/pgf.sty
(/usr/share/texlive/texmf-dist/tex/latex/pgf/utilities/pgfrcs.sty
(/usr/share/texlive/texmf-dist/tex/generic/pgf/utilities/pgfutil-common.tex
\pgfutil@everybye=\toks48
\pgfutil@tempdima=\dimen312
\pgfutil@tempdimb=\dimen313

(/usr/share/texlive/texmf-dist/tex/generic/pgf/utilities/pgfutil-common-lists.t
ex)) (/usr/share/texlive/texmf-dist/tex/generic/pgf/utilities/pgfutil-latex.def
\pgfutil@abb=\box66
(/usr/share/texlive/texmf-dist/tex/latex/ms/everyshi.sty
Package: everyshi 2001/05/15 v3.00 EveryShipout Package (MS)
))
(/usr/share/texlive/texmf-dist/tex/generic/pgf/utilities/pgfrcs.code.tex
Package: pgfrcs 2015/08/07 v3.0.1a (rcs-revision 1.31)
))
Package: pgf 2015/08/07 v3.0.1a (rcs-revision 1.15)

(/usr/share/texlive/texmf-dist/tex/latex/pgf/basiclayer/pgfcore.sty
(/usr/share/texlive/texmf-dist/tex/latex/pgf/systemlayer/pgfsys.sty
(/usr/share/texlive/texmf-dist/tex/generic/pgf/systemlayer/pgfsys.code.tex
Package: pgfsys 2014/07/09 v3.0.1a (rcs-revision 1.48)

(/usr/share/texlive/texmf-dist/tex/generic/pgf/utilities/pgfkeys.code.tex
\pgfkeys@pathtoks=\toks49
\pgfkeys@temptoks=\toks50

(/usr/share/texlive/texmf-dist/tex/generic/pgf/utilities/pgfkeysfiltered.code.t
ex
\pgfkeys@tmptoks=\toks51
))
\pgf@x=\dimen314
\pgf@y=\dimen315
\pgf@xa=\dimen316
\pgf@ya=\dimen317
\pgf@xb=\dimen318
\pgf@yb=\dimen319
\pgf@xc=\dimen320
\pgf@yc=\dimen321
\w@pgf@writea=\write5
\r@pgf@reada=\read3
\c@pgf@counta=\count364
\c@pgf@countb=\count365
\c@pgf@countc=\count366
\c@pgf@countd=\count367
\t@pgf@toka=\toks52
\t@pgf@tokb=\toks53
\t@pgf@tokc=\toks54
 (/usr/share/texlive/texmf-dist/tex/generic/pgf/systemlayer/pgf.cfg
File: pgf.cfg 2008/05/14  (rcs-revision 1.7)
)
Driver file for pgf: pgfsys-xetex.def

(/usr/share/texlive/texmf-dist/tex/generic/pgf/systemlayer/pgfsys-xetex.def
File: pgfsys-xetex.def 2014/07/09  (rcs-revision 1.11)

(/usr/share/texlive/texmf-dist/tex/generic/pgf/systemlayer/pgfsys-dvipdfmx.def
File: pgfsys-dvipdfmx.def 2014/07/09  (rcs-revision 1.14)

(/usr/share/texlive/texmf-dist/tex/generic/pgf/systemlayer/pgfsys-common-pdf.de
f
File: pgfsys-common-pdf.def 2013/10/10  (rcs-revision 1.13)
)
\pgfsys@objnum=\count368
)))
(/usr/share/texlive/texmf-dist/tex/generic/pgf/systemlayer/pgfsyssoftpath.code.
tex
File: pgfsyssoftpath.code.tex 2013/09/09  (rcs-revision 1.9)
\pgfsyssoftpath@smallbuffer@items=\count369
\pgfsyssoftpath@bigbuffer@items=\count370
)
(/usr/share/texlive/texmf-dist/tex/generic/pgf/systemlayer/pgfsysprotocol.code.
tex
File: pgfsysprotocol.code.tex 2006/10/16  (rcs-revision 1.4)
))
(/usr/share/texlive/texmf-dist/tex/generic/pgf/basiclayer/pgfcore.code.tex
Package: pgfcore 2010/04/11 v3.0.1a (rcs-revision 1.7)

(/usr/share/texlive/texmf-dist/tex/generic/pgf/math/pgfmath.code.tex
(/usr/share/texlive/texmf-dist/tex/generic/pgf/math/pgfmathcalc.code.tex
(/usr/share/texlive/texmf-dist/tex/generic/pgf/math/pgfmathutil.code.tex)
(/usr/share/texlive/texmf-dist/tex/generic/pgf/math/pgfmathparser.code.tex
\pgfmath@dimen=\dimen322
\pgfmath@count=\count371
\pgfmath@box=\box67
\pgfmath@toks=\toks55
\pgfmath@stack@operand=\toks56
\pgfmath@stack@operation=\toks57
)
(/usr/share/texlive/texmf-dist/tex/generic/pgf/math/pgfmathfunctions.code.tex
(/usr/share/texlive/texmf-dist/tex/generic/pgf/math/pgfmathfunctions.basic.code
.tex)
(/usr/share/texlive/texmf-dist/tex/generic/pgf/math/pgfmathfunctions.trigonomet
ric.code.tex)
(/usr/share/texlive/texmf-dist/tex/generic/pgf/math/pgfmathfunctions.random.cod
e.tex)
(/usr/share/texlive/texmf-dist/tex/generic/pgf/math/pgfmathfunctions.comparison
.code.tex)
(/usr/share/texlive/texmf-dist/tex/generic/pgf/math/pgfmathfunctions.base.code.
tex)
(/usr/share/texlive/texmf-dist/tex/generic/pgf/math/pgfmathfunctions.round.code
.tex)
(/usr/share/texlive/texmf-dist/tex/generic/pgf/math/pgfmathfunctions.misc.code.
tex)
(/usr/share/texlive/texmf-dist/tex/generic/pgf/math/pgfmathfunctions.integerari
thmetics.code.tex)))
(/usr/share/texlive/texmf-dist/tex/generic/pgf/math/pgfmathfloat.code.tex
\c@pgfmathroundto@lastzeros=\count372
))
(/usr/share/texlive/texmf-dist/tex/generic/pgf/basiclayer/pgfcorepoints.code.te
x
File: pgfcorepoints.code.tex 2013/10/07  (rcs-revision 1.27)
\pgf@picminx=\dimen323
\pgf@picmaxx=\dimen324
\pgf@picminy=\dimen325
\pgf@picmaxy=\dimen326
\pgf@pathminx=\dimen327
\pgf@pathmaxx=\dimen328
\pgf@pathminy=\dimen329
\pgf@pathmaxy=\dimen330
\pgf@xx=\dimen331
\pgf@xy=\dimen332
\pgf@yx=\dimen333
\pgf@yy=\dimen334
\pgf@zx=\dimen335
\pgf@zy=\dimen336
)
(/usr/share/texlive/texmf-dist/tex/generic/pgf/basiclayer/pgfcorepathconstruct.
code.tex
File: pgfcorepathconstruct.code.tex 2013/10/07  (rcs-revision 1.29)
\pgf@path@lastx=\dimen337
\pgf@path@lasty=\dimen338
)
(/usr/share/texlive/texmf-dist/tex/generic/pgf/basiclayer/pgfcorepathusage.code
.tex
File: pgfcorepathusage.code.tex 2014/11/02  (rcs-revision 1.24)
\pgf@shorten@end@additional=\dimen339
\pgf@shorten@start@additional=\dimen340
)
(/usr/share/texlive/texmf-dist/tex/generic/pgf/basiclayer/pgfcorescopes.code.te
x
File: pgfcorescopes.code.tex 2015/05/08  (rcs-revision 1.46)
\pgfpic=\box68
\pgf@hbox=\box69
\pgf@layerbox@main=\box70
\pgf@picture@serial@count=\count373
)
(/usr/share/texlive/texmf-dist/tex/generic/pgf/basiclayer/pgfcoregraphicstate.c
ode.tex
File: pgfcoregraphicstate.code.tex 2014/11/02  (rcs-revision 1.12)
\pgflinewidth=\dimen341
)
(/usr/share/texlive/texmf-dist/tex/generic/pgf/basiclayer/pgfcoretransformation
s.code.tex
File: pgfcoretransformations.code.tex 2015/08/07  (rcs-revision 1.20)
\pgf@pt@x=\dimen342
\pgf@pt@y=\dimen343
\pgf@pt@temp=\dimen344
)
(/usr/share/texlive/texmf-dist/tex/generic/pgf/basiclayer/pgfcorequick.code.tex
File: pgfcorequick.code.tex 2008/10/09  (rcs-revision 1.3)
)
(/usr/share/texlive/texmf-dist/tex/generic/pgf/basiclayer/pgfcoreobjects.code.t
ex
File: pgfcoreobjects.code.tex 2006/10/11  (rcs-revision 1.2)
)
(/usr/share/texlive/texmf-dist/tex/generic/pgf/basiclayer/pgfcorepathprocessing
.code.tex
File: pgfcorepathprocessing.code.tex 2013/09/09  (rcs-revision 1.9)
)
(/usr/share/texlive/texmf-dist/tex/generic/pgf/basiclayer/pgfcorearrows.code.te
x
File: pgfcorearrows.code.tex 2015/05/14  (rcs-revision 1.43)
\pgfarrowsep=\dimen345
)
(/usr/share/texlive/texmf-dist/tex/generic/pgf/basiclayer/pgfcoreshade.code.tex
File: pgfcoreshade.code.tex 2013/07/15  (rcs-revision 1.15)
\pgf@max=\dimen346
\pgf@sys@shading@range@num=\count374
)
(/usr/share/texlive/texmf-dist/tex/generic/pgf/basiclayer/pgfcoreimage.code.tex
File: pgfcoreimage.code.tex 2013/07/15  (rcs-revision 1.18)

(/usr/share/texlive/texmf-dist/tex/generic/pgf/basiclayer/pgfcoreexternal.code.
tex
File: pgfcoreexternal.code.tex 2014/07/09  (rcs-revision 1.21)
\pgfexternal@startupbox=\box71
))
(/usr/share/texlive/texmf-dist/tex/generic/pgf/basiclayer/pgfcorelayers.code.te
x
File: pgfcorelayers.code.tex 2013/07/18  (rcs-revision 1.7)
)
(/usr/share/texlive/texmf-dist/tex/generic/pgf/basiclayer/pgfcoretransparency.c
ode.tex
File: pgfcoretransparency.code.tex 2013/09/30  (rcs-revision 1.5)
)
(/usr/share/texlive/texmf-dist/tex/generic/pgf/basiclayer/pgfcorepatterns.code.
tex
File: pgfcorepatterns.code.tex 2013/11/07  (rcs-revision 1.5)
)))
(/usr/share/texlive/texmf-dist/tex/generic/pgf/modules/pgfmoduleshapes.code.tex
File: pgfmoduleshapes.code.tex 2014/03/21  (rcs-revision 1.35)
\pgfnodeparttextbox=\box72
) (/usr/share/texlive/texmf-dist/tex/generic/pgf/modules/pgfmoduleplot.code.tex
File: pgfmoduleplot.code.tex 2015/08/03  (rcs-revision 1.13)
)
(/usr/share/texlive/texmf-dist/tex/latex/pgf/compatibility/pgfcomp-version-0-65
.sty
Package: pgfcomp-version-0-65 2007/07/03 v3.0.1a (rcs-revision 1.7)
\pgf@nodesepstart=\dimen347
\pgf@nodesepend=\dimen348
)
(/usr/share/texlive/texmf-dist/tex/latex/pgf/compatibility/pgfcomp-version-1-18
.sty
Package: pgfcomp-version-1-18 2007/07/23 v3.0.1a (rcs-revision 1.1)
)) (/usr/share/texlive/texmf-dist/tex/latex/pgf/utilities/pgffor.sty
(/usr/share/texlive/texmf-dist/tex/latex/pgf/utilities/pgfkeys.sty
(/usr/share/texlive/texmf-dist/tex/generic/pgf/utilities/pgfkeys.code.tex))
(/usr/share/texlive/texmf-dist/tex/latex/pgf/math/pgfmath.sty
(/usr/share/texlive/texmf-dist/tex/generic/pgf/math/pgfmath.code.tex))
(/usr/share/texlive/texmf-dist/tex/generic/pgf/utilities/pgffor.code.tex
Package: pgffor 2013/12/13 v3.0.1a (rcs-revision 1.25)

(/usr/share/texlive/texmf-dist/tex/generic/pgf/math/pgfmath.code.tex)
\pgffor@iter=\dimen349
\pgffor@skip=\dimen350
\pgffor@stack=\toks58
\pgffor@toks=\toks59
))
(/usr/share/texlive/texmf-dist/tex/generic/pgf/frontendlayer/tikz/tikz.code.tex
Package: tikz 2015/08/07 v3.0.1a (rcs-revision 1.151)

(/usr/share/texlive/texmf-dist/tex/generic/pgf/libraries/pgflibraryplothandlers
.code.tex
File: pgflibraryplothandlers.code.tex 2013/08/31 v3.0.1a (rcs-revision 1.20)
\pgf@plot@mark@count=\count375
\pgfplotmarksize=\dimen351
)
\tikz@lastx=\dimen352
\tikz@lasty=\dimen353
\tikz@lastxsaved=\dimen354
\tikz@lastysaved=\dimen355
\tikzleveldistance=\dimen356
\tikzsiblingdistance=\dimen357
\tikz@figbox=\box73
\tikz@figbox@bg=\box74
\tikz@tempbox=\box75
\tikz@tempbox@bg=\box76
\tikztreelevel=\count376
\tikznumberofchildren=\count377
\tikznumberofcurrentchild=\count378
\tikz@fig@count=\count379

(/usr/share/texlive/texmf-dist/tex/generic/pgf/modules/pgfmodulematrix.code.tex
File: pgfmodulematrix.code.tex 2013/09/17  (rcs-revision 1.8)
\pgfmatrixcurrentrow=\count380
\pgfmatrixcurrentcolumn=\count381
\pgf@matrix@numberofcolumns=\count382
)
\tikz@expandcount=\count383

(/usr/share/texlive/texmf-dist/tex/generic/pgf/frontendlayer/tikz/libraries/tik
zlibrarytopaths.code.tex
File: tikzlibrarytopaths.code.tex 2008/06/17 v3.0.1a (rcs-revision 1.2)
)))
(/usr/share/texlive/texmf-dist/tex/generic/pgf/frontendlayer/tikz/libraries/tik
zlibrarychains.code.tex
File: tikzlibrarychains.code.tex 2013/07/15 v3.0.1a (rcs-revision 1.6)

(/usr/share/texlive/texmf-dist/tex/generic/pgf/frontendlayer/tikz/libraries/tik
zlibrarypositioning.code.tex
File: tikzlibrarypositioning.code.tex 2008/10/06 v3.0.1a (rcs-revision 1.7)
))
(/usr/share/texlive/texmf-dist/tex/generic/pgf/frontendlayer/tikz/libraries/tik
zlibraryshapes.geometric.code.tex
File: tikzlibraryshapes.geometric.code.tex 2008/01/09 v3.0.1a (rcs-revision 1.1
)

(/usr/share/texlive/texmf-dist/tex/generic/pgf/libraries/shapes/pgflibraryshape
s.geometric.code.tex
File: pgflibraryshapes.geometric.code.tex 2008/06/26 v3.0.1a (rcs-revision 1.1)

))
(/usr/share/texlive/texmf-dist/tex/generic/pgf/frontendlayer/tikz/libraries/tik
zlibraryshapes.symbols.code.tex
File: tikzlibraryshapes.symbols.code.tex 2008/01/09 v3.0.1a (rcs-revision 1.1)

(/usr/share/texlive/texmf-dist/tex/generic/pgf/libraries/shapes/pgflibraryshape
s.symbols.code.tex
File: pgflibraryshapes.symbols.code.tex 2013/09/11 v3.0.1a (rcs-revision 1.6)
))
(/usr/share/texlive/texmf-dist/tex/generic/pgf/frontendlayer/tikz/libraries/tik
zlibraryarrows.code.tex
File: tikzlibraryarrows.code.tex 2008/01/09 v3.0.1a (rcs-revision 1.1)

(/usr/share/texlive/texmf-dist/tex/generic/pgf/libraries/pgflibraryarrows.code.
tex
File: pgflibraryarrows.code.tex 2013/09/23 v3.0.1a (rcs-revision 1.16)
\arrowsize=\dimen358
)) (/usr/share/texlive/texmf-dist/tex/latex/hyperref/hyperref.sty
Package: hyperref 2018/02/06 v6.86b Hypertext links for LaTeX

(/usr/share/texlive/texmf-dist/tex/generic/oberdiek/hobsub-hyperref.sty
Package: hobsub-hyperref 2016/05/16 v1.14 Bundle oberdiek, subset hyperref (HO)


(/usr/share/texlive/texmf-dist/tex/generic/oberdiek/hobsub-generic.sty
Package: hobsub-generic 2016/05/16 v1.14 Bundle oberdiek, subset generic (HO)
Package: hobsub 2016/05/16 v1.14 Construct package bundles (HO)
Package hobsub Info: Skipping package `infwarerr' (already loaded).
Package hobsub Info: Skipping package `ltxcmds' (already loaded).
Package hobsub Info: Skipping package `ifluatex' (already loaded).
Package hobsub Info: Skipping package `ifvtex' (already loaded).
Package: intcalc 2016/05/16 v1.2 Expandable calculations with integers (HO)
Package hobsub Info: Skipping package `ifpdf' (already loaded).
Package hobsub Info: Skipping package `etexcmds' (already loaded).
Package hobsub Info: Skipping package `kvsetkeys' (already loaded).
Package: kvdefinekeys 2016/05/16 v1.4 Define keys (HO)
Package: pdftexcmds 2018/01/21 v0.26 Utility functions of pdfTeX for LuaTeX (HO
)
Package pdftexcmds Info: LuaTeX not detected.
Package pdftexcmds Info: pdfTeX >= 1.30 not detected.
Package pdftexcmds Info: \pdf@primitive is available.
Package pdftexcmds Info: \pdf@ifprimitive is available.
Package pdftexcmds Info: \pdfdraftmode not found.
Package: pdfescape 2016/05/16 v1.14 Implements pdfTeX's escape features (HO)
Package: bigintcalc 2016/05/16 v1.4 Expandable calculations on big integers (HO
)
Package: bitset 2016/05/16 v1.2 Handle bit-vector datatype (HO)
Package: uniquecounter 2016/05/16 v1.3 Provide unlimited unique counter (HO)
)
Package hobsub Info: Skipping package `hobsub' (already loaded).
Package: letltxmacro 2016/05/16 v1.5 Let assignment for LaTeX macros (HO)
Package: hopatch 2016/05/16 v1.3 Wrapper for package hooks (HO)
Package: xcolor-patch 2016/05/16 xcolor patch
Package: atveryend 2016/05/16 v1.9 Hooks at the very end of document (HO)
Package hobsub Info: Skipping package `atbegshi' (already loaded).
Package: refcount 2016/05/16 v3.5 Data extraction from label references (HO)
Package: hycolor 2016/05/16 v1.8 Color options for hyperref/bookmark (HO)
)
(/usr/share/texlive/texmf-dist/tex/latex/oberdiek/auxhook.sty
Package: auxhook 2016/05/16 v1.4 Hooks for auxiliary files (HO)
)
\@linkdim=\dimen359
\Hy@linkcounter=\count384
\Hy@pagecounter=\count385

(/usr/share/texlive/texmf-dist/tex/latex/hyperref/pd1enc.def
File: pd1enc.def 2018/02/06 v6.86b Hyperref: PDFDocEncoding definition (HO)
)
\Hy@SavedSpaceFactor=\count386

(/usr/share/texlive/texmf-dist/tex/latex/latexconfig/hyperref.cfg
File: hyperref.cfg 2002/06/06 v1.2 hyperref configuration of TeXLive
)
Package hyperref Info: Hyper figures OFF on input line 4509.
Package hyperref Info: Link nesting OFF on input line 4514.
Package hyperref Info: Hyper index ON on input line 4517.
Package hyperref Info: Plain pages OFF on input line 4524.
Package hyperref Info: Backreferencing OFF on input line 4529.
Package hyperref Info: Implicit mode ON; LaTeX internals redefined.
Package hyperref Info: Bookmarks ON on input line 4762.
\c@Hy@tempcnt=\count387

(/usr/share/texlive/texmf-dist/tex/latex/url/url.sty
\Urlmuskip=\muskip20
Package: url 2013/09/16  ver 3.4  Verb mode for urls, etc.
)
LaTeX Info: Redefining \url on input line 5115.
\XeTeXLinkMargin=\dimen360
\Fld@menulength=\count388
\Field@Width=\dimen361
\Fld@charsize=\dimen362
Package hyperref Info: Hyper figures OFF on input line 6369.
Package hyperref Info: Link nesting OFF on input line 6374.
Package hyperref Info: Hyper index ON on input line 6377.
Package hyperref Info: backreferencing OFF on input line 6384.
Package hyperref Info: Link coloring OFF on input line 6389.
Package hyperref Info: Link coloring with OCG OFF on input line 6394.
Package hyperref Info: PDF/A mode OFF on input line 6399.
LaTeX Info: Redefining \ref on input line 6439.
LaTeX Info: Redefining \pageref on input line 6443.
\Hy@abspage=\count389
\c@Item=\count390
\c@Hfootnote=\count391
)
(/usr/share/texlive/texmf-dist/tex/latex/memoir/memhfixc.sty
Package: memhfixc 2013/05/30 v1.17 nameref/hyperref package fixes for memoir cl
ass
\c@memhycontfloat=\count392
\c@Hpagenote=\count393
)
Package hyperref Info: Driver (autodetected): hxetex.

(/usr/share/texlive/texmf-dist/tex/latex/hyperref/hxetex.def
File: hxetex.def 2018/02/06 v6.86b Hyperref driver for XeTeX

(/usr/share/texlive/texmf-dist/tex/latex/hyperref/puenc.def
File: puenc.def 2018/02/06 v6.86b Hyperref: PDF Unicode definition (HO)
)
(/usr/share/texlive/texmf-dist/tex/generic/oberdiek/stringenc.sty
Package: stringenc 2016/05/16 v1.11 Convert strings between diff. encodings (HO
)
)
\pdfm@box=\box77
\c@Hy@AnnotLevel=\count394
\HyField@AnnotCount=\count395
\Fld@listcount=\count396
\c@bookmark@seq@number=\count397

(/usr/share/texlive/texmf-dist/tex/latex/oberdiek/rerunfilecheck.sty
Package: rerunfilecheck 2016/05/16 v1.8 Rerun checks for auxiliary files (HO)
Package rerunfilecheck Info: Feature \pdfmdfivesum is not available
(rerunfilecheck)             (e.g. pdfTeX or LuaTeX with package `pdftexcmds').

(rerunfilecheck)             Therefore file contents cannot be checked efficien
tly
(rerunfilecheck)             and the loading of the package is aborted.
)
\Hy@SectionHShift=\skip281
)

Class memoir Warning: You are using the caption package with the memoir class. 
To prepare we will now reset all captioning macros and configurations to kernel
 defaults, and then let the caption package take over. Please remember to use
 the caption package interfaces in order to
 configure your captions.

(/usr/share/texlive/texmf-dist/tex/latex/caption/caption.sty
Package: caption 2016/02/21 v3.3-144 Customizing captions (AR)

(/usr/share/texlive/texmf-dist/tex/latex/caption/caption3.sty
Package: caption3 2016/05/22 v1.7-166 caption3 kernel (AR)
Package caption3 Info: TeX engine: e-TeX on input line 67.
\captionmargin=\dimen363
\captionmargin@=\dimen364
\captionwidth=\dimen365
\caption@tempdima=\dimen366
\caption@indent=\dimen367
\caption@parindent=\dimen368
\caption@hangindent=\dimen369
)
\c@ContinuedFloat=\count398
Package caption Info: hyperref package is loaded.
Package caption Info: longtable package is loaded.
Package caption Info: threeparttable package is loaded.
)
(/usr/share/texlive/texmf-dist/tex/latex/caption/subcaption.sty
Package: subcaption 2016/05/22 v1.1-161 Sub-captions (AR)
\c@subfigure=\count399
\c@subtable=\count400
)
(/usr/share/texlive/texmf-dist/tex/latex/pdfpages/pdfpages.sty
Package: pdfpages 2017/10/31 v0.5l Insert pages of external PDF documents (AM)

(/usr/share/texlive/texmf-dist/tex/latex/base/ifthen.sty
Package: ifthen 2014/09/29 v1.1c Standard LaTeX ifthen package (DPC)
)
(/usr/share/texlive/texmf-dist/tex/latex/eso-pic/eso-pic.sty
Package: eso-pic 2015/07/21 v2.0g eso-pic (RN)
)
\AM@pagewidth=\dimen370
\AM@pageheight=\dimen371

(/usr/share/texlive/texmf-dist/tex/latex/pdfpages/ppxetex.def
File: ppxetex.def 2017/10/31 v0.5l Pdfpages driver for XeTeX (AM)
)
\AM@pagebox=\box78
\AM@global@opts=\toks60
\AM@toc@title=\toks61
\c@AM@survey=\count401
\AM@templatesizebox=\box79
)
(/usr/share/texlive/texmf-dist/tex/latex/oberdiek/aliascnt.sty
Package: aliascnt 2016/05/16 v1.4 Alias counters (HO)

(/usr/share/texlive/texmf-dist/tex/latex/carlisle/remreset.sty))
(/usr/share/texlive/texmf-dist/tex/latex/caption/totalcount.sty
Package: totalcount 2013/05/12 v1.0-92 Total values of counters (AR)
\c@totalcount@figure=\count402
\c@totalcount@table=\count403
)
(/usr/share/texlive/texmf-dist/tex/latex/totcount/totcount.sty
Package: totcount 2011/01/25 v1.2 package for gettingthe total value of LaTeX c
ounters
)
(/usr/share/texlive/texmf-dist/tex/latex/totpages/totpages.sty
Package: totpages 2005/09/19 v2.00 Totpages Package (muewi)
)
(/usr/share/texlive/texmf-dist/tex/latex/cleveref/cleveref.sty
Package: cleveref 2018/02/08 v0.21.1 Intelligent cross-referencing
LaTeX Info: Redefining \Cref on input line 904.
Package cleveref Info: `hyperref' support loaded on input line 2301.
LaTeX Info: Redefining \cref on input line 2301.
LaTeX Info: Redefining \Cref on input line 2301.
LaTeX Info: Redefining \crefrange on input line 2301.
LaTeX Info: Redefining \Crefrange on input line 2301.
LaTeX Info: Redefining \cpageref on input line 2301.
LaTeX Info: Redefining \Cpageref on input line 2301.
LaTeX Info: Redefining \cpagerefrange on input line 2301.
LaTeX Info: Redefining \Cpagerefrange on input line 2301.
LaTeX Info: Redefining \labelcref on input line 2301.
LaTeX Info: Redefining \labelcpageref on input line 2301.
Package cleveref Info: `amsthm' support loaded on input line 2957.
Package cleveref Info: `aliascnt' support loaded on input line 3124.
)
(/usr/share/texlive/texmf-dist/tex/latex/placeins/placeins.sty
Package: placeins 2005/04/18  v 2.2
))
(./Dissertation/dispackages.tex
(/usr/share/texlive/texmf-dist/tex/latex/tools/afterpage.sty
Package: afterpage 2014/10/28 v1.08 After-Page Package (DPC)
\AP@output=\toks62
\AP@partial=\box80
\AP@footins=\box81
)
(/usr/share/texlive/texmf-dist/tex/latex/enumitem/enumitem.sty
Package: enumitem 2011/09/28 v3.5.2 Customized lists
\labelindent=\skip282
\enit@outerparindent=\dimen372
\enit@toks=\toks63
\enit@inbox=\box82
\enitdp@description=\count404
)
(/usr/share/texlive/texmf-dist/tex/latex/nomencl/nomencl.sty
Package: nomencl 2005/09/22 v4.2 Nomenclature package (LN)
\nomlabelwidth=\dimen373
\nom@tempdim=\dimen374
\nomitemsep=\skip283
)
\@nomenclaturefile=\write6
\openout6 = `dissertation.nlo'.


Writing nomenclature file dissertation.nlo
) (./Dissertation/userpackages.tex
(/usr/share/texlive/texmf-dist/tex/latex/floatrow/fr-longtable.sty
Package: fr-longtable 2007/11/28 v0.1b (beta) floatrow: additions for longtable

\flrow@LT@lasthead=\box83
\flrow@LT@prelastfoot=\box84
\c@FBLTpage=\count405
)
(/usr/share/texlive/texmf-dist/tex/latex/fancyvrb/fancyvrb.sty
Package: fancyvrb 2008/02/07

Style option: `fancyvrb' v2.7a, with DG/SPQR fixes, and firstline=lastline fix 
<2008/02/07> (tvz)
\FV@CodeLineNo=\count406
\FV@InFile=\read4
\FV@TabBox=\box85
\c@FancyVerbLine=\count407
\FV@StepNumber=\count408
\FV@OutFile=\write7
)
(/usr/share/texlive/texmf-dist/tex/latex/listings/listings.sty
\lst@mode=\count409
\lst@gtempboxa=\box86
\lst@token=\toks64
\lst@length=\count410
\lst@currlwidth=\dimen375
\lst@column=\count411
\lst@pos=\count412
\lst@lostspace=\dimen376
\lst@width=\dimen377
\lst@newlines=\count413
\lst@lineno=\count414
\lst@maxwidth=\dimen378

(/usr/share/texlive/texmf-dist/tex/latex/listings/lstmisc.sty
File: lstmisc.sty 2015/06/04 1.6 (Carsten Heinz)
\c@lstnumber=\count415
\lst@skipnumbers=\count416
\lst@framebox=\box87
)
(/usr/share/texlive/texmf-dist/tex/latex/listings/listings.cfg
File: listings.cfg 2015/06/04 1.6 listings configuration
))
Package: listings 2015/06/04 1.6 (Carsten Heinz)

(/usr/share/texlive/texmf-dist/tex/latex/was/upgreek.sty
Package: upgreek 2003/02/12 v2.0 (WaS)
Package upgreek Info: Using Euler Roman for upright Greek on input line 31.
\symugrf@m=\mathgroup6
LaTeX Font Info:    Overwriting symbol font `ugrf@m' in version `bold'
(Font)                  U/eur/m/n --> U/eur/b/n on input line 38.
))
(./Dissertation/setup.tex
\c@intvl=\count417
\c@otstup=\count418
\c@contnumeq=\count419
\c@contnumfig=\count420
\c@contnumtab=\count421
\c@pgnum=\count422
\c@chapstyle=\count423
\c@headingdelim=\count424
\c@headingalign=\count425
\c@headingsize=\count426
) (./common/newnames.tex) (./common/data.tex)
(./common/fonts.tex
(/usr/share/texlive/texmf-dist/tex/latex/polyglossia/gloss-russian.ldf
File: gloss-russian.ldf polyglossia: module for russian

(/usr/share/texlive/texmf-dist/tex/latex/polyglossia/babelsh.def
File: babelsh.def 2013/04/30 Babel common definitions for shorthands
 Taken verbatim from babel.def (2013/04/15 v3.9e)
)
Package polyglossia Info: Making " an active character on input line 41.
)
Package polyglossia Info: Default language is russian.

(/usr/share/texlive/texmf-dist/tex/latex/polyglossia/gloss-english.ldf
File: gloss-english.ldf polyglossia: module for english
)
.................................................
. fontspec info: "no-scripts"
. 
. Font "Courier New" does not contain any OpenType `Script' information.
.................................................
\g__fontspec_family_CourierNew_int=\count427
.................................................
. fontspec info: "defining-font"
. 
. Font family 'CourierNew(0)' created for font 'Courier New' with options
. [WordSpace={1,0,0},HyphenChar=None,PunctuationSpace=WordSpace].
.  
.  This font family consists of the following NFSS series/shapes:
.  
. - 'normal' (m/n) with NFSS spec.: <->"Courier New/OT"
. - 'small caps'  (m/sc) with NFSS spec.: 
. and font adjustment code:
. \fontdimen 2\font =1\fontdimen 2\font \fontdimen 3\font =0\fontdimen 3\font
. \fontdimen 4\font =0\fontdimen 4\font \fontdimen 7\font =0\fontdimen 2\font
. \tex_hyphenchar:D \font =-1\scan_stop: 
. - 'bold' (bx/n) with NFSS spec.: <->"Courier New/B/OT"
. - 'bold small caps'  (bx/sc) with NFSS spec.: 
. and font adjustment code:
. \fontdimen 2\font =1\fontdimen 2\font \fontdimen 3\font =0\fontdimen 3\font
. \fontdimen 4\font =0\fontdimen 4\font \fontdimen 7\font =0\fontdimen 2\font
. \tex_hyphenchar:D \font =-1\scan_stop: 
. - 'italic' (m/it) with NFSS spec.: <->"Courier New/I/OT"
. - 'italic small caps'  (m/itsc) with NFSS spec.: 
. and font adjustment code:
. \fontdimen 2\font =1\fontdimen 2\font \fontdimen 3\font =0\fontdimen 3\font
. \fontdimen 4\font =0\fontdimen 4\font \fontdimen 7\font =0\fontdimen 2\font
. \tex_hyphenchar:D \font =-1\scan_stop: 
. - 'bold italic' (bx/it) with NFSS spec.: <->"Courier New/BI/OT"
. - 'bold italic small caps'  (bx/itsc) with NFSS spec.: 
. and font adjustment code:
. \fontdimen 2\font =1\fontdimen 2\font \fontdimen 3\font =0\fontdimen 3\font
. \fontdimen 4\font =0\fontdimen 4\font \fontdimen 7\font =0\fontdimen 2\font
. \tex_hyphenchar:D \font =-1\scan_stop: 
.................................................
LaTeX Info: Redefining \ttfamily on input line 35.
.................................................
. fontspec info: "no-scripts"
. 
. Font "Courier New" does not contain any OpenType `Script' information.
.................................................
.................................................
. fontspec info: "defining-font"
. 
. Font family 'CourierNew(1)' created for font 'Courier New' with options [].
.  
.  This font family consists of the following NFSS series/shapes:
.  
. - 'normal' (m/n) with NFSS spec.: <->"Courier New/OT"
. - 'small caps'  (m/sc) with NFSS spec.: 
. - 'bold' (bx/n) with NFSS spec.: <->"Courier New/B/OT"
. - 'bold small caps'  (bx/sc) with NFSS spec.: 
. - 'italic' (m/it) with NFSS spec.: <->"Courier New/I/OT"
. - 'italic small caps'  (m/itsc) with NFSS spec.: 
. - 'bold italic' (bx/it) with NFSS spec.: <->"Courier New/BI/OT"
. - 'bold italic small caps'  (bx/itsc) with NFSS spec.: 
.................................................
.................................................
. fontspec info: "no-scripts"
. 
. Font "Times New Roman" does not contain any OpenType `Script' information.
.................................................
\g__fontspec_family_TimesNewRoman_int=\count428
.................................................
. fontspec info: "defining-font"
. 
. Font family 'TimesNewRoman(0)' created for font 'Times New Roman' with
. options [Ligatures=TeX,Ligatures=TeX].
.  
.  This font family consists of the following NFSS series/shapes:
.  
. - 'normal' (m/n) with NFSS spec.: <->"Times New Roman/OT:mapping=tex-text;"
. - 'small caps'  (m/sc) with NFSS spec.: 
. - 'bold' (bx/n) with NFSS spec.: <->"Times New Roman/B/OT:mapping=tex-text;"
. - 'bold small caps'  (bx/sc) with NFSS spec.: 
. - 'italic' (m/it) with NFSS spec.: <->"Times New
. Roman/I/OT:mapping=tex-text;"
. - 'italic small caps'  (m/itsc) with NFSS spec.: 
. - 'bold italic' (bx/it) with NFSS spec.: <->"Times New
. Roman/BI/OT:mapping=tex-text;"
. - 'bold italic small caps'  (bx/itsc) with NFSS spec.: 
.................................................
LaTeX Info: Redefining \rmfamily on input line 35.
.................................................
. fontspec info: "no-scripts"
. 
. Font "Times New Roman" does not contain any OpenType `Script' information.
.................................................
.................................................
. fontspec info: "defining-font"
. 
. Font family 'TimesNewRoman(1)' created for font 'Times New Roman' with
. options [Ligatures=TeX].
.  
.  This font family consists of the following NFSS series/shapes:
.  
. - 'normal' (m/n) with NFSS spec.: <->"Times New Roman/OT:mapping=tex-text;"
. - 'small caps'  (m/sc) with NFSS spec.: 
. - 'bold' (bx/n) with NFSS spec.: <->"Times New Roman/B/OT:mapping=tex-text;"
. - 'bold small caps'  (bx/sc) with NFSS spec.: 
. - 'italic' (m/it) with NFSS spec.: <->"Times New
. Roman/I/OT:mapping=tex-text;"
. - 'italic small caps'  (m/itsc) with NFSS spec.: 
. - 'bold italic' (bx/it) with NFSS spec.: <->"Times New
. Roman/BI/OT:mapping=tex-text;"
. - 'bold italic small caps'  (bx/itsc) with NFSS spec.: 
.................................................
.................................................
. fontspec info: "no-scripts"
. 
. Font "Arial" does not contain any OpenType `Script' information.
.................................................
\g__fontspec_family_Arial_int=\count429
.................................................
. fontspec info: "defining-font"
. 
. Font family 'Arial(0)' created for font 'Arial' with options
. [Ligatures=TeX,Ligatures=TeX].
.  
.  This font family consists of the following NFSS series/shapes:
.  
. - 'normal' (m/n) with NFSS spec.: <->"Arial/OT:mapping=tex-text;"
. - 'small caps'  (m/sc) with NFSS spec.: 
. - 'bold' (bx/n) with NFSS spec.: <->"Arial/B/OT:mapping=tex-text;"
. - 'bold small caps'  (bx/sc) with NFSS spec.: 
. - 'italic' (m/it) with NFSS spec.: <->"Arial/I/OT:mapping=tex-text;"
. - 'italic small caps'  (m/itsc) with NFSS spec.: 
. - 'bold italic' (bx/it) with NFSS spec.: <->"Arial/BI/OT:mapping=tex-text;"
. - 'bold italic small caps'  (bx/itsc) with NFSS spec.: 
.................................................
LaTeX Info: Redefining \sffamily on input line 35.
.................................................
. fontspec info: "no-scripts"
. 
. Font "Arial" does not contain any OpenType `Script' information.
.................................................
.................................................
. fontspec info: "defining-font"
. 
. Font family 'Arial(1)' created for font 'Arial' with options
. [Ligatures=TeX].
.  
.  This font family consists of the following NFSS series/shapes:
.  
. - 'normal' (m/n) with NFSS spec.: <->"Arial/OT:mapping=tex-text;"
. - 'small caps'  (m/sc) with NFSS spec.: 
. - 'bold' (bx/n) with NFSS spec.: <->"Arial/B/OT:mapping=tex-text;"
. - 'bold small caps'  (bx/sc) with NFSS spec.: 
. - 'italic' (m/it) with NFSS spec.: <->"Arial/I/OT:mapping=tex-text;"
. - 'italic small caps'  (m/itsc) with NFSS spec.: 
. - 'bold italic' (bx/it) with NFSS spec.: <->"Arial/BI/OT:mapping=tex-text;"
. - 'bold italic small caps'  (bx/itsc) with NFSS spec.: 
.................................................
)
(./common/styles.tex
Package hyperref Info: Option `linktocpage' set `true' on input line 169.
Package hyperref Info: Option `plainpages' set `false' on input line 169.
Package hyperref Info: Option `colorlinks' set `true' on input line 169.

(/usr/share/texlive/texmf-dist/tex/generic/oberdiek/se-ascii-print.def
File: se-ascii-print.def 2016/05/16 v1.11 stringenc: Printable ASCII characters

)
Excluding comment 'commentbox') (./Dissertation/disstyles.tex
\otstuplen=\skip284
)
(./Dissertation/userstyles.tex
\twless=\skip285
\lmarg=\skip286
\c@ListingEnv=\count430
\c@loldepth=\count431
\c@rowcnt=\count432
) (./biblio/biblatex.tex
(/usr/share/texlive/texmf-dist/tex/latex/csquotes/csquotes.sty
Package: csquotes 2018/02/11 v5.2c context-sensitive quotations (JAW)
\csq@reset=\count433
\csq@gtype=\count434
\csq@glevel=\count435
\csq@qlevel=\count436
\csq@maxlvl=\count437
\csq@tshold=\count438
\csq@ltx@everypar=\toks65

(/usr/share/texlive/texmf-dist/tex/latex/csquotes/csquotes.def
File: csquotes.def 2018/02/11 v5.2c csquotes generic definitions (JAW)
)
Package csquotes Info: Trying to load configuration file 'csquotes.cfg'...
Package csquotes Info: ... configuration file loaded successfully.

(/usr/share/texlive/texmf-dist/tex/latex/csquotes/csquotes.cfg
File: csquotes.cfg 
))
(/usr/share/texlive/texmf-dist/tex/latex/biblatex/biblatex.sty
Package: biblatex 2017/12/19 v3.10 programmable bibliographies (PK/JW/AB)

(/usr/share/texlive/texmf-dist/tex/latex/logreq/logreq.sty
Package: logreq 2010/08/04 v1.0 xml request logger
\lrq@indent=\count439

(/usr/share/texlive/texmf-dist/tex/latex/logreq/logreq.def
File: logreq.def 2010/08/04 v1.0 logreq spec v1.0
))
(/usr/share/texlive/texmf-dist/tex/generic/xstring/xstring.sty
(/usr/share/texlive/texmf-dist/tex/generic/xstring/xstring.tex
\@xs@message=\write8
\integerpart=\count440
\decimalpart=\count441
)
Package: xstring 2013/10/13  v1.7c  String manipulations (C Tellechea)
)
\c@tabx@nest=\count442
\c@listtotal=\count443
\c@listcount=\count444
\c@liststart=\count445
\c@liststop=\count446
\c@citecount=\count447
\c@citetotal=\count448
\c@multicitecount=\count449
\c@multicitetotal=\count450
\c@instcount=\count451
\c@maxnames=\count452
\c@minnames=\count453
\c@maxitems=\count454
\c@minitems=\count455
\c@citecounter=\count456
\c@savedcitecounter=\count457
\c@uniquelist=\count458
\c@uniquename=\count459
\c@refsection=\count460
\c@refsegment=\count461
\c@maxextratitle=\count462
\c@maxextratitleyear=\count463
\c@maxextradate=\count464
\c@maxextraalpha=\count465
\c@abbrvpenalty=\count466
\c@highnamepenalty=\count467
\c@lownamepenalty=\count468
\c@maxparens=\count469
\c@parenlevel=\count470
\blx@tempcnta=\count471
\blx@tempcntb=\count472
\blx@tempcntc=\count473
\blx@maxsection=\count474
\blx@maxsegment@0=\count475
\blx@notetype=\count476
\blx@parenlevel@text=\count477
\blx@parenlevel@foot=\count478
\blx@sectionciteorder@0=\count479
\labelnumberwidth=\skip287
\labelalphawidth=\skip288
\biblabelsep=\skip289
\bibnamesep=\skip290
\bibinitsep=\skip291
\bibparsep=\skip292
\bibhang=\skip293
\blx@bcfin=\read5
\blx@bcfout=\write9
\c@mincomprange=\count480
\c@maxcomprange=\count481
\c@mincompwidth=\count482
Package biblatex Info: Trying to load biblatex default data model...
Package biblatex Info: ... file 'blx-dm.def' found.

(/usr/share/texlive/texmf-dist/tex/latex/biblatex/blx-dm.def)
Package biblatex Info: Trying to load biblatex style data model...
Package biblatex Info: ... file 'gost-numeric.dbx' found.

(/usr/share/texlive/texmf-dist/tex/latex/biblatex-gost/gost-numeric.dbx
File: gost-numeric.dbx 2018/02/20 v1.17 biblatex-gost data model
Package biblatex Info: Trying to load biblatex-gost data model...
Package biblatex Info: ... file 'biblatex-gost.dbx' found.

(/usr/share/texlive/texmf-dist/tex/latex/biblatex-gost/biblatex-gost.dbx
File: biblatex-gost.dbx 2018/02/20 v1.17 biblatex-gost data model
))
Package biblatex Info: Trying to load biblatex custom data model...
Package biblatex Info: ... file 'biblatex-dm.cfg' not found.
\c@afterword=\count483
\c@savedafterword=\count484
\c@annotator=\count485
\c@savedannotator=\count486
\c@author=\count487
\c@savedauthor=\count488
\c@bookauthor=\count489
\c@savedbookauthor=\count490
\c@commentator=\count491
\c@savedcommentator=\count492
\c@editor=\count493
\c@savededitor=\count494
\c@editora=\count495
\c@savededitora=\count496
\c@editorb=\count497
\c@savededitorb=\count498
\c@editorc=\count499
\c@savededitorc=\count500
\c@foreword=\count501
\c@savedforeword=\count502
\c@holder=\count503
\c@savedholder=\count504
\c@introduction=\count505
\c@savedintroduction=\count506
\c@namea=\count507
\c@savednamea=\count508
\c@nameb=\count509
\c@savednameb=\count510
\c@namec=\count511
\c@savednamec=\count512
\c@translator=\count513
\c@savedtranslator=\count514
\c@shortauthor=\count515
\c@savedshortauthor=\count516
\c@shorteditor=\count517
\c@savedshorteditor=\count518
\c@booktranslator=\count519
\c@savedbooktranslator=\count520
\c@bookcommentator=\count521
\c@savedbookcommentator=\count522
\c@bookannotator=\count523
\c@savedbookannotator=\count524
\c@bookintroduction=\count525
\c@savedbookintroduction=\count526
\c@bookforeword=\count527
\c@savedbookforeword=\count528
\c@bookafterword=\count529
\c@savedbookafterword=\count530
\c@labelname=\count531
\c@savedlabelname=\count532
\c@institution=\count533
\c@savedinstitution=\count534
\c@lista=\count535
\c@savedlista=\count536
\c@listb=\count537
\c@savedlistb=\count538
\c@listc=\count539
\c@savedlistc=\count540
\c@listd=\count541
\c@savedlistd=\count542
\c@liste=\count543
\c@savedliste=\count544
\c@listf=\count545
\c@savedlistf=\count546
\c@location=\count547
\c@savedlocation=\count548
\c@organization=\count549
\c@savedorganization=\count550
\c@origlocation=\count551
\c@savedoriglocation=\count552
\c@origpublisher=\count553
\c@savedorigpublisher=\count554
\c@publisher=\count555
\c@savedpublisher=\count556
\c@language=\count557
\c@savedlanguage=\count558
\c@origlanguage=\count559
\c@savedoriglanguage=\count560
\c@bookoriglanguage=\count561
\c@savedbookoriglanguage=\count562
\c@specdata=\count563
\c@savedspecdata=\count564
\c@credits=\count565
\c@savedcredits=\count566
\c@bookcredits=\count567
\c@savedbookcredits=\count568
\c@editioncredits=\count569
\c@savededitioncredits=\count570
\c@pageref=\count571
\c@savedpageref=\count572
\shorthandwidth=\skip294
\shortjournalwidth=\skip295
\shortserieswidth=\skip296
\shorttitlewidth=\skip297
\shortauthorwidth=\skip298
\shorteditorwidth=\skip299
Package biblatex Info: Trying to load enhanced support for Unicode engines...
Package biblatex Info: ... file 'blx-unicode.def' found.

(/usr/share/texlive/texmf-dist/tex/latex/biblatex/blx-unicode.def)
Package biblatex Info: Trying to load compatibility code...
Package biblatex Info: ... file 'blx-compat.def' found.

(/usr/share/texlive/texmf-dist/tex/latex/biblatex/blx-compat.def
File: blx-compat.def 2017/12/19 v3.10 biblatex compatibility (PK/JW/AB)
)
Package biblatex Info: Trying to load generic definitions...
Package biblatex Info: ... file 'biblatex.def' found.

(/usr/share/texlive/texmf-dist/tex/latex/biblatex/biblatex.def
File: biblatex.def 2017/12/19 v3.10 biblatex compatibility (PK/JW/AB)
\c@textcitecount=\count573
\c@textcitetotal=\count574
\c@textcitemaxnames=\count575
\c@biburlnumpenalty=\count576
\c@biburlucpenalty=\count577
\c@biburllcpenalty=\count578
\c@smartand=\count579
)
Package biblatex Info: Trying to load bibliography style 'gost-numeric'...
Package biblatex Info: ... file 'gost-numeric.bbx' found.

(/usr/share/texlive/texmf-dist/tex/latex/biblatex-gost/gost-numeric.bbx
File: gost-numeric.bbx 2018/02/20 v1.17 biblatex-gost styles
Package biblatex Info: Trying to load bibliography style 'gost-standard'...
Package biblatex Info: ... file 'gost-standard.bbx' found.

(/usr/share/texlive/texmf-dist/tex/latex/biblatex-gost/gost-standard.bbx
File: gost-standard.bbx 2018/02/20 v1.17 biblatex-gost styles
Package biblatex Info: Trying to load biblatex-gost generic definitions...
Package biblatex Info: ... file 'biblatex-gost.def' found.

(/usr/share/texlive/texmf-dist/tex/latex/biblatex-gost/biblatex-gost.def
File: biblatex-gost.def 2018/02/20 v1.17 biblatex-gost styles
)
\c@blx@gost@pointer=\count580
\c@bbx:relatedcount=\count581
\c@bbx:relatedtotal=\count582
Package biblatex Info: Redefining autocite command 'footnote'.
Package biblatex Info: Redefining autocite command 'superscript'.
))
Package biblatex Info: Trying to load citation style 'gost-numeric'...
Package biblatex Info: ... file 'gost-numeric.cbx' found.

(/usr/share/texlive/texmf-dist/tex/latex/biblatex-gost/gost-numeric.cbx
File: gost-numeric.cbx 2018/02/20 v1.17 biblatex-gost styles
Package biblatex Info: Trying to load citation style 'numeric-comp'...
Package biblatex Info: ... file 'numeric-comp.cbx' found.

(/usr/share/texlive/texmf-dist/tex/latex/biblatex/cbx/numeric-comp.cbx
File: numeric-comp.cbx 2017/12/19 v3.10 biblatex citation style (PK/JW/AB)
\c@cbx@tempcnta=\count583
\c@cbx@tempcntb=\count584
Package biblatex Info: Redefining '\cite'.
Package biblatex Info: Redefining '\parencite'.
Package biblatex Info: Redefining '\footcite'.
Package biblatex Info: Redefining '\footcitetext'.
Package biblatex Info: Redefining '\smartcite'.
Package biblatex Info: Redefining '\supercite'.
Package biblatex Info: Redefining '\textcite'.
Package biblatex Info: Redefining '\textcites'.
Package biblatex Info: Redefining '\cites'.
Package biblatex Info: Redefining '\parencites'.
Package biblatex Info: Redefining '\smartcites'.
))
Package biblatex Info: Trying to load configuration file...
Package biblatex Info: ... file 'biblatex.cfg' found.

(/usr/share/texlive/texmf-dist/tex/latex/biblatex/biblatex.cfg
File: biblatex.cfg 
))
\c@citenum=\count585
\c@citenum@totc=\count586
\c@citeauthorvak=\count587
\c@citeauthorvak@totc=\count588
\c@citeauthorscopus=\count589
\c@citeauthorscopus@totc=\count590
\c@citeauthorwos=\count591
\c@citeauthorwos@totc=\count592
\c@citeauthorother=\count593
\c@citeauthorother@totc=\count594
\c@citeauthorconf=\count595
\c@citeauthorconf@totc=\count596
\c@citeauthor=\count597
\c@citeauthor@totc=\count598
\c@citeauthorvakscopuswos=\count599
\c@citeauthorvakscopuswos@totc=\count600
\c@citeauthorscopuswos=\count601
\c@citeauthorscopuswos@totc=\count602
\c@citeregistered=\count603
\c@citeregistered@totc=\count604
\c@citeauthorpatent=\count605
\c@citeauthorpatent@totc=\count606
\c@citeauthorprogram=\count607
\c@citeauthorprogram@totc=\count608
\c@citeexternal=\count609
\c@citeexternal@totc=\count610
)
Selected options:
Draft mode: 0
Font: 1
AltFont: 1
Bibliography backend: 1
Precompile images: 0
Package csquotes Info: Checking for multilingual support...
Package csquotes Info: ... found 'polyglossia' package.
Package csquotes Info: Adjusting default style.
Package csquotes Info: Redefining alias 'default' -> 'russian'.
Package biblatex Info: Trying to load language 'english' -> 'english-gost'...
Package biblatex Info: ... file 'english-gost.lbx' found.
(/usr/share/texlive/texmf-dist/tex/latex/biblatex-gost/english-gost.lbx
File: english-gost.lbx 2018/02/20 v1.17 biblatex-gost styles
Package biblatex Info: Trying to load language 'english'...
Package biblatex Info: ... file 'english.lbx' found.

(/usr/share/texlive/texmf-dist/tex/latex/biblatex/lbx/english.lbx
File: english.lbx 2017/12/19 v3.10 biblatex localization (PK/JW/AB)
))
Package biblatex Info: Trying to load language 'russian' -> 'russian-gost'...
Package biblatex Info: ... file 'russian-gost.lbx' found.

(/usr/share/texlive/texmf-dist/tex/latex/biblatex-gost/russian-gost.lbx
File: russian-gost.lbx 2018/02/20 v1.17 biblatex-gost styles
Package biblatex Info: Trying to load language 'russian'...
Package biblatex Info: ... file 'russian.lbx' found.

(/usr/share/texlive/texmf-dist/tex/latex/biblatex/lbx/russian.lbx
File: russian.lbx 2017/12/19 v3.10 biblatex localization (PK/JW/AB)
))
(./dissertation.aux (./Dissertation/title.aux) (./Dissertation/contents.aux)
(./Dissertation/introduction.aux) (./Dissertation/part1.aux)
(./Dissertation/part2.aux) (./Dissertation/part3.aux)
(./Dissertation/conclusion.aux) (./Dissertation/acronyms.aux)
(./Dissertation/dictionary.aux) (./Dissertation/references.aux)
(./Dissertation/lists.aux) (./Dissertation/appendix.aux)
\c@totalcount@figure@totc=\count611
\c@totalcount@table@totc=\count612
\c@TotPages@totc=\count613
\c@totalappendix@totc=\count614
\c@totalchapter@totc=\count615
)
\openout1 = `dissertation.aux'.

LaTeX Font Info:    Checking defaults for OML/cmm/m/it on input line 52.
LaTeX Font Info:    ... okay on input line 52.
LaTeX Font Info:    Checking defaults for T1/cmr/m/n on input line 52.
LaTeX Font Info:    ... okay on input line 52.
LaTeX Font Info:    Checking defaults for OT1/cmr/m/n on input line 52.
LaTeX Font Info:    ... okay on input line 52.
LaTeX Font Info:    Checking defaults for OMS/cmsy/m/n on input line 52.
LaTeX Font Info:    ... okay on input line 52.
LaTeX Font Info:    Checking defaults for TU/lmr/m/n on input line 52.
LaTeX Font Info:    ... okay on input line 52.
LaTeX Font Info:    Checking defaults for OMX/cmex/m/n on input line 52.
LaTeX Font Info:    ... okay on input line 52.
LaTeX Font Info:    Checking defaults for U/cmr/m/n on input line 52.
LaTeX Font Info:    ... okay on input line 52.
LaTeX Font Info:    Checking defaults for TS1/cmr/m/n on input line 52.
LaTeX Font Info:    Try loading font information for TS1+cmr on input line 52.

(/usr/share/texlive/texmf-dist/tex/latex/base/ts1cmr.fd
File: ts1cmr.fd 2014/09/29 v2.5h Standard LaTeX font definitions
)
LaTeX Font Info:    ... okay on input line 52.
LaTeX Font Info:    Checking defaults for PD1/pdf/m/n on input line 52.
LaTeX Font Info:    ... okay on input line 52.
LaTeX Font Info:    Checking defaults for PU/pdf/m/n on input line 52.
LaTeX Font Info:    ... okay on input line 52.
Package nag Info: pgf.sty is broken: disabling dollar check on input line 52.
Package nag Info: Command \RaggedLeft not defined, skipping amendment on input 
line 52.
Package nag Info: Command \RaggedRight not defined, skipping amendment on input
 line 52.
\AtBeginShipoutBox=\box88

*geometry* driver: auto-detecting
*geometry* detected driver: xetex
*geometry* verbose mode - [ preamble ] result:
* driver: xetex
* paper: a4paper
* layout: <same size as paper>
* layoutoffset:(h,v)=(0.0pt,0.0pt)
* modes: 
* h-part:(L,W,R)=(71.13188pt, 497.92325pt, 28.45274pt)
* v-part:(T,H,B)=(56.9055pt, 731.23584pt, 56.9055pt)
* \paperwidth=597.50787pt
* \paperheight=845.04684pt
* \textwidth=497.92325pt
* \textheight=731.23584pt
* \oddsidemargin=-1.1381pt
* \evensidemargin=-1.1381pt
* \topmargin=-54.5457pt
* \headheight=17.5pt
* \headsep=21.68121pt
* \topskip=0.0pt
* \footskip=12.3pt
* \marginparwidth=0.0pt
* \marginparsep=0.0pt
* \columnsep=10.0pt
* \skip\footins=12.0pt plus 4.0pt minus 4.0pt
* \hoffset=0.0pt
* \voffset=0.0pt
* \mag=1000
* \@twocolumnfalse
* \@twosidefalse
* \@mparswitchfalse
* \@reversemarginfalse
* (1in=72.27pt=25.4mm, 1cm=28.453pt)


(/usr/share/texlive/texmf-dist/tex/latex/translator/translator-basic-dictionary
-English.dict
Dictionary: translator-basic-dictionary, Language: English 
)
(/usr/share/texlive/texmf-dist/tex/latex/siunitx/siunitx-abbreviations.cfg
File: siunitx-abbreviations.cfg 2017/11/26 v2.7k siunitx: Abbreviated units
)
ABD: EveryShipout initializing macros
Package hyperref Info: Link coloring ON on input line 52.

(/usr/share/texlive/texmf-dist/tex/latex/hyperref/nameref.sty
Package: nameref 2016/05/21 v2.44 Cross-referencing by name of section

(/usr/share/texlive/texmf-dist/tex/generic/oberdiek/gettitlestring.sty
Package: gettitlestring 2016/05/16 v1.5 Cleanup title references (HO)
)
\c@section@level=\count616
)
Redoing nameref's sectioning
Redoing nameref's label
LaTeX Info: Redefining \nameref on input line 52.
LaTeX Info: Redefining \ref on input line 52.
LaTeX Info: Redefining \pageref on input line 52.
LaTeX Info: Redefining \nameref on input line 52.
(./dissertation.out) (./dissertation.out)
\@outlinefile=\write10
\openout10 = `dissertation.out'.

Package caption Info: Begin \AtBeginDocument code.
Package caption Info: listings package is loaded.
Package caption Info: End \AtBeginDocument code.
\c@lstlisting=\count617
Package cleveref Info: loaded `russian' language definitions on input line 52.
Package biblatex Info: XeTeX detected.
(biblatex)             Assuming input encoding 'utf8'.
Package biblatex Info: Data encoding 'utf8' specified.
(biblatex)             No need to reencode data.
\openout9 = `dissertation.bcf'.

Package biblatex Info: Trying to load bibliographic data...
Package biblatex Info: ... file 'dissertation.bbl' found.
 (./dissertation.bbl)
Package biblatex Info: Reference section=0 on input line 52.
Package biblatex Info: Reference segment=0 on input line 52.
Package nag Info: Command \captionabove not defined, skipping amendment on inpu
t line 52.
Package nag Info: Command \captionbelow not defined, skipping amendment on inpu
t line 52.
Package nag Info: Command \hc@caption not defined, skipping amendment on input 
line 52.
Package nag Info: Command \topcaption not defined, skipping amendment on input 
line 52.
\c@totalappendix=\count618
\c@totalchapter=\count619
\c__siunitx_mathsf_int=\count620
LaTeX Font Info:    Try loading font information for U+msa on input line 52.

(/usr/share/texlive/texmf-dist/tex/latex/amsfonts/umsa.fd
File: umsa.fd 2013/01/14 v3.01 AMS symbols A
)
LaTeX Font Info:    Try loading font information for U+msb on input line 52.

(/usr/share/texlive/texmf-dist/tex/latex/amsfonts/umsb.fd
File: umsb.fd 2013/01/14 v3.01 AMS symbols B
)
\c__siunitx_mathtt_int=\count621

(./common/renames.tex

! LaTeX Error: \nomAname undefined.

See the LaTeX manual or LaTeX Companion for explanation.
Type  H <return>  for immediate help.
 ...                                              
                                                  
l.12 \renewcommand{\nomAname}
                             {Латинские буквы}%
? 

! LaTeX Error: \nomGname undefined.

See the LaTeX manual or LaTeX Companion for explanation.
Type  H <return>  for immediate help.
 ...                                              
                                                  
l.13 \renewcommand{\nomGname}
                             {Греческие буквы}%
? 

! LaTeX Error: \nomXname undefined.

See the LaTeX manual or LaTeX Companion for explanation.
Type  H <return>  for immediate help.
 ...                                              
                                                  
l.14 \renewcommand{\nomXname}
                             {Верхние индексы}%
? 

! LaTeX Error: \nomZname undefined.

See the LaTeX manual or LaTeX Companion for explanation.
Type  H <return>  for immediate help.
 ...                                              
                                                  
l.15 \renewcommand{\nomZname}
                             {Индексы}%
? 
)
\openout2 = `Dissertation/title.aux'.

 (./Dissertation/title.tex
File: images/logo.pdf Graphic file (type pdf)
<use images/logo.pdf>
) [1.1


]
\openout2 = `Dissertation/contents.aux'.

 (./Dissertation/contents.tex
(./dissertation.toc
Package cleveref Info: loaded `russian' language definitions on input line 3.
 (./common/renames.tex) [2.2


])) [3.3]
\openout2 = `Dissertation/introduction.aux'.


(./Dissertation/introduction.tex (./common/characteristic.tex

LaTeX Warning: Citation 'Gosele1999161' on page 4 undefined on input line 4.


LaTeX Warning: Citation 'Lermontov' on page 4 undefined on input line 4.


Underfull \hbox (badness 1454) in paragraph at lines 21--35
[]\TU/TimesNewRoman(1)/m/n/14.4 Для генерации содержимого титульного листа авто
реферата, диссерта-
 []

[4.4



]
\blx@maxsegment@1=\count622
\blx@sectionciteorder@1=\count623
Package biblatex Info: Reference section=1 on input line 179.
Package biblatex Info: Setting label 'refsection:1' on input line 179.


Package biblatex Warning: Keyword 'biblioauthorvak' not found on input line 179
.


LaTeX Warning: Empty bibliography on input line 179.


Package biblatex Warning: Keyword 'biblioauthorwos' not found on input line 179
.


LaTeX Warning: Empty bibliography on input line 179.


Package biblatex Warning: Keyword 'biblioauthorscopus' not found on input line 
179.


LaTeX Warning: Empty bibliography on input line 179.


Package biblatex Warning: Keyword 'biblioauthorconf' not found on input line 17
9.


LaTeX Warning: Empty bibliography on input line 179.


Package biblatex Warning: Keyword 'biblioauthorother' not found on input line 1
79.


LaTeX Warning: Empty bibliography on input line 179.


Package biblatex Warning: Keyword 'biblioregistered' not found on input line 17
9.


LaTeX Warning: Empty bibliography on input line 179.


Package biblatex Warning: Keyword 'biblioauthorpatent' not found on input line 
179.


LaTeX Warning: Empty bibliography on input line 179.


Package biblatex Warning: Keyword 'biblioauthorprogram' not found on input line
 179.


LaTeX Warning: Empty bibliography on input line 179.


Package biblatex Warning: Keyword 'biblioauthor' not found on input line 179.


LaTeX Warning: Empty bibliography on input line 179.


LaTeX Warning: Empty bibliography on input line 179.


LaTeX Warning: Empty bibliography on input line 179.

Package biblatex Info: Reference section=0 on input line 179.
\blx@maxsegment@2=\count624
\blx@sectionciteorder@2=\count625
Package biblatex Info: Reference section=2 on input line 179.
Package biblatex Info: Setting label 'refsection:2' on input line 179.

LaTeX Warning: Citation 'vakbib2' undefined on input line 179.


LaTeX Warning: Citation 'patbib1' undefined on input line 179.


LaTeX Warning: Citation 'progbib1' undefined on input line 179.


LaTeX Warning: Citation 'bib1' undefined on input line 179.


LaTeX Warning: Citation 'confbib1' undefined on input line 179.

Package biblatex Info: Reference section=0 on input line 179.
[5.5])
\@c=\count626
\@last=\count627
\@pnul=\count628
\@c=\count629
\@last=\count630
\@pnul=\count631
\@c=\count632
\@last=\count633
\@pnul=\count634
\@c=\count635
\@last=\count636
\@pnul=\count637
\@c=\count638
\@last=\count639
\@pnul=\count640
\@c=\count641
\@last=\count642
\@pnul=\count643
) [6.6]
\openout2 = `Dissertation/part1.aux'.

 (./Dissertation/part1.tex [7.7



] [8.8] [9.9] [10.10]

LaTeX Warning: Citation 'Sokolov' on page 11 undefined on input line 114.


LaTeX Warning: Citation 'Gaidaenko' on page 11 undefined on input line 114.


LaTeX Warning: Citation 'Sokolov' on page 11 undefined on input line 115.


LaTeX Warning: Citation 'Gaidaenko' on page 11 undefined on input line 115.


LaTeX Warning: Citation 'Sokolov' on page 11 undefined on input line 116.


LaTeX Warning: Citation 'Gaidaenko' on page 11 undefined on input line 116.


LaTeX Warning: Citation 'vakbib1' on page 11 undefined on input line 117.


LaTeX Warning: Citation 'confbib2' on page 11 undefined on input line 117.


LaTeX Warning: Citation 'Lermontov' on page 11 undefined on input line 125.


LaTeX Warning: Citation 'Management' on page 11 undefined on input line 125.


LaTeX Warning: Citation 'Borozda' on page 11 undefined on input line 125.


LaTeX Warning: Citation 'Marketing' on page 11 undefined on input line 125.


LaTeX Warning: Citation 'Constitution' on page 11 undefined on input line 125.


LaTeX Warning: Citation 'FamilyCode' on page 11 undefined on input line 125.


LaTeX Warning: Citation 'Gost.7.0.53' on page 11 undefined on input line 125.


LaTeX Warning: Citation 'Razumovski' on page 11 undefined on input line 125.


LaTeX Warning: Citation 'Lagkueva' on page 11 undefined on input line 125.


LaTeX Warning: Citation 'Pokrovski' on page 11 undefined on input line 125.


LaTeX Warning: Citation 'Methodology' on page 11 undefined on input line 125.


LaTeX Warning: Citation 'Berestova' on page 11 undefined on input line 125.


LaTeX Warning: Citation 'Kriger' on page 11 undefined on input line 125.


LaTeX Warning: Citation 'Sirotko2' on page 11 undefined on input line 130.


LaTeX Warning: Citation 'Lukina2' on page 11 undefined on input line 130.


LaTeX Warning: Citation 'Encyclopedia2' on page 11 undefined on input line 130.



LaTeX Warning: Citation 'Nasirova2' on page 11 undefined on input line 130.


LaTeX Warning: Citation 'Article' on page 11 undefined on input line 132.


LaTeX Warning: Citation 'Book' on page 11 undefined on input line 132.


LaTeX Warning: Citation 'Booklet' on page 11 undefined on input line 132.


LaTeX Warning: Citation 'Conference' on page 11 undefined on input line 132.


LaTeX Warning: Citation 'Inbook' on page 11 undefined on input line 132.


LaTeX Warning: Citation 'Incollection' on page 11 undefined on input line 132.


LaTeX Warning: Citation 'Manual' on page 11 undefined on input line 132.


LaTeX Warning: Citation 'Mastersthesis' on page 11 undefined on input line 132.



LaTeX Warning: Citation 'Misc' on page 11 undefined on input line 132.


LaTeX Warning: Citation 'Phdthesis' on page 11 undefined on input line 132.


LaTeX Warning: Citation 'Proceedings' on page 11 undefined on input line 132.


LaTeX Warning: Citation 'Techreport' on page 11 undefined on input line 132.


LaTeX Warning: Citation 'Unpublished' on page 11 undefined on input line 132.


LaTeX Warning: Citation 'CEAT:CEAT581' on page 11 undefined on input line 139.


LaTeX Warning: Citation 'doi:10.1080/01932691.2010.513279' on page 11 undefined
 on input line 139.


LaTeX Warning: Citation 'Gosele1999161' on page 11 undefined on input line 139.



LaTeX Warning: Citation 'Li2007StressAnalysis' on page 11 undefined on input li
ne 139.


LaTeX Warning: Citation 'Shoji199895' on page 11 undefined on input line 139.


LaTeX Warning: Citation 'test:eisner-sample' on page 11 undefined on input line
 139.


LaTeX Warning: Citation 'test:eisner-sample-shorted' on page 11 undefined on in
put line 139.


LaTeX Warning: Citation 'AB_patent_Pomerantz_1968' on page 11 undefined on inpu
t line 139.


LaTeX Warning: Citation 'iofis_patent1960' on page 11 undefined on input line 1
39.


LaTeX Warning: Citation 'patent2h' on page 11 undefined on input line 143.


LaTeX Warning: Citation 'patent3h' on page 11 undefined on input line 143.


LaTeX Warning: Citation 'patent2' on page 11 undefined on input line 143.


Underfull \hbox (badness 1527) in paragraph at lines 114--144
[]\TU/TimesNewRoman(1)/m/n/14.4 Одна ссылка: [[]][[]]. [[]], [[]] Две ссыл-
 []


Underfull \hbox (badness 4673) in paragraph at lines 114--144
[]\TU/TimesNewRoman(1)/m/n/14.4 ; []; []; []; []; [];
 []


Underfull \hbox (badness 10000) in paragraph at lines 114--144
[]\TU/TimesNewRoman(1)/m/n/14.4 ; []][[]; []; []; []]. И ещё
 []


Underfull \hbox (badness 2608) in paragraph at lines 114--144
\TU/TimesNewRoman(1)/m/n/14.4 немного ссылок: [[]; []; []; []; []; [];
 []


Overfull \hbox (67.04482pt too wide) in paragraph at lines 114--144
\TU/TimesNewRoman(1)/m/n/14.4 [[]; []; []; [];
 []


Overfull \hbox (49.7339pt too wide) in paragraph at lines 114--144
[]\TU/TimesNewRoman(1)/m/n/14.4 ; []; []; [];
 []

[11.11]

LaTeX Warning: Citation 'Sokolov' on page 12 undefined on input line 156.


LaTeX Warning: Citation 'Gaidaenko' on page 12 undefined on input line 156.


LaTeX Warning: Citation 'Techreport' on page 12 undefined on input line 156.


LaTeX Warning: Citation 'vakbib1' on page 12 undefined on input line 158.


LaTeX Warning: Citation 'confbib1' on page 12 undefined on input line 158.


LaTeX Warning: Citation 'sobenin_kdv' on page 12 undefined on input line 178.


Underfull \hbox (badness 10000) in paragraph at lines 178--181
[]\TU/TimesNewRoman(1)/m/n/14.4 Например, в ссылке на книгу [[]] использование 
опции
 []


LaTeX Warning: Citation 'initials' on page 12 undefined on input line 187.


LaTeX Warning: Citation 'Shoji199895' on page 12 undefined on input line 190.

[12.12]
Underfull \hbox (badness 3492) in paragraph at lines 233--236
\TU/TimesNewRoman(1)/m/n/14.4 считаются устаревшими. Лучше использовать их функ
циональные аналоги
 []

[13.13]
LaTeX Font Info:    Try loading font information for U+euf on input line 320.
 (/usr/share/texlive/texmf-dist/tex/latex/amsfonts/ueuf.fd
File: ueuf.fd 2013/01/14 v3.01 Euler Fraktur
) [14.14]
Underfull \hbox (badness 10000) in paragraph at lines 373--377
[]\TU/TimesNewRoman(1)/m/n/14.4 Уравнения ([][]1.5[][]) и ([][]1.6[][]) демонст
рируют возможности окружения
 []

[15.15]
Underfull \hbox (badness 10000) in paragraph at lines 393--413
[]\TU/TimesNewRoman(1)/m/n/14.4 Числа форматируются при помощи команды []\TU/Co
urierNew(1)/m/n/14.4 \num\TU/TimesNewRoman(1)/m/n/14.4 : []; [];
 []


Underfull \hbox (badness 5817) in paragraph at lines 393--413
[]\TU/TimesNewRoman(1)/m/n/14.4 ; []; []; []; []; []; [][][][][]
 []


Underfull \hbox (badness 10000) in paragraph at lines 418--430
[]\TU/TimesNewRoman(1)/m/n/14.4 Размерности можно записывать при помощи команд 
[]\TU/CourierNew(1)/m/n/14.4 \si \TU/TimesNewRoman(1)/m/n/14.4 и []\TU/CourierN
ew(1)/m/n/14.4 \SI\TU/TimesNewRoman(1)/m/n/14.4 :
 []


Underfull \hbox (badness 10000) in paragraph at lines 418--430
[]\TU/TimesNewRoman(1)/m/n/14.4 ; []; []; []; [][];
 []


Underfull \hbox (badness 2073) in paragraph at lines 418--430
[][]\TU/TimesNewRoman(1)/m/n/14.4 ; [];[];[];[][]; [][][][]. Список единиц изме
-
 []

LaTeX Font Info:    Calculating math sizes for size <14> on input line 596.
[16.16] [17.17] [18.18] Excluding 'commentbox' comment.
Excluding 'commentbox' comment. Excluding 'comment' comment. [19.19]
Overfull \hbox (6.15858pt too wide) in paragraph at lines 670--670
[]\TU/CourierNew(1)/m/n/14.4 \nomenclature{\(k\)}{модуль волнового вектора\nomr
efeqpage}[] 
 []


Underfull \hbox (badness 10000) in paragraph at lines 672--676
\TU/TimesNewRoman(1)/m/n/14.4 ки []\TU/CourierNew(1)/m/n/14.4 \nomrefeq \TU/Tim
esNewRoman(1)/m/n/14.4 на последнее уравнение, []\TU/CourierNew(1)/m/n/14.4 \no
mrefpage [] \TU/TimesNewRoman(1)/m/n/14.4 на страницу,
 []

) [20.20]
\openout2 = `Dissertation/part2.aux'.

 (./Dissertation/part2.tex
File: images/latex.png Graphic file (type bmp)
<images/latex.png>

Underfull \hbox (badness 10000) in paragraph at lines 12--14
[]\TU/TimesNewRoman(1)/m/n/14.4 Для выравнивания изображения по-центру использу
ется команда
 []

File: images/knuth1.jpg Graphic file (type bmp)
<images/knuth1.jpg>
File: images/knuth2.jpg Graphic file (type bmp)
<images/knuth2.jpg>
File: images/knuth1.jpg Graphic file (type bmp)
<images/knuth1.jpg>
File: images/knuth2.jpg Graphic file (type bmp)
<images/knuth2.jpg>
File: example-image-c.pdf Graphic file (type pdf)
<use example-image-c.pdf>
[21.21



] (./Dissertation/images/tikz_scheme.tikz) [22.22] [23.23]
Underfull \hbox (badness 3375) in paragraph at lines 129--130
[]\TU/TimesNewRoman(1)/m/n/14.4 третий уровень нумерации не нормирован ГОСТ
 []

[24.24]
Underfull \hbox (badness 4479) in paragraph at lines 183--188
[]\TU/TimesNewRoman(1)/m/n/14.4 Кроме того, принято набирать греческие буквы ве
ртикальными, что
 []


Underfull \hbox (badness 6775) in paragraph at lines 183--188
\TU/TimesNewRoman(1)/m/n/14.4 решается подключением пакета []\TU/CourierNew(1)/
m/n/14.4 upgreek \TU/TimesNewRoman(1)/m/n/14.4 (см. закомментированный блок
 []


Underfull \hbox (badness 10000) in paragraph at lines 183--188
\TU/TimesNewRoman(1)/m/n/14.4 в []\TU/CourierNew(1)/m/n/14.4 userpackages.tex\T
U/TimesNewRoman(1)/m/n/14.4 ) и аналогичным переопределением в преамбуле
 []

[25.25] [26.26] [27.27] [28.28] [29.29]) [30.30]
\openout2 = `Dissertation/part3.aux'.

 (./Dissertation/part3.tex
Underfull \hbox (badness 1789) in paragraph at lines 68--75
\TU/TimesNewRoman(1)/m/n/14.4 для объединения горизонтальных ячеек таблицы, и к
оманд пакета \TU/TimesNewRoman(1)/m/it/14.4 makecell
 []


Underfull \hbox (badness 1859) in paragraph at lines 68--75
\TU/TimesNewRoman(1)/m/n/14.4 для добавления разрыва строки внутри ячеек. При ф
орматировании табли-
 []

[31.31



]
Underfull \hbox (badness 3792) in paragraph at lines 158--158
[]|| \TU/TimesNewRoman(1)/m/n/14.4 Примечание [] Плюш изъят: «$\OT1/cmr/m/n/14.
4 +$\TU/TimesNewRoman(1)/m/n/14.4 » [] адвыржаряюм квуй, вим емпыдит;
 []


Overfull \hbox (6.0pt too wide) in paragraph at lines 158--159
[][] 
 []


Overfull \hbox (4.3907pt too wide) in paragraph at lines 217--217
 []|\TU/TimesNewRoman(1)/m/n/14.4 тебиквюэ 
 []


Overfull \hbox (0.93835pt too wide) in paragraph at lines 217--217
 []|\TU/TimesNewRoman(1)/m/n/14.4 Чэнзэрет 
 []


Underfull \hbox (badness 3792) in paragraph at lines 217--217
[]|| \TU/TimesNewRoman(1)/m/n/14.4 Примечание [] Плюш изъят: «$\OT1/cmr/m/n/14.
4 +$\TU/TimesNewRoman(1)/m/n/14.4 » [] адвыржаряюм квуй, вим емпыдит;
 []


Overfull \hbox (6.0pt too wide) in alignment at lines 217--217
[][][][][] 
 []


Package hyperref Warning: Token not allowed in a PDF string (Unicode):
(hyperref)                removing `\hbox' on input line 264.


Package hyperref Warning: Token not allowed in a PDF string (Unicode):
(hyperref)                removing `\hss' on input line 264.

[32.32]

Package hyperref Warning: Token not allowed in a PDF string (Unicode):
(hyperref)                removing `\hbox' on input line 271.


Package hyperref Warning: Token not allowed in a PDF string (Unicode):
(hyperref)                removing `\hss' on input line 271.

[33.33]

Package hyperref Warning: Token not allowed in a PDF string (Unicode):
(hyperref)                removing `\hbox' on input line 275.


Package hyperref Warning: Token not allowed in a PDF string (Unicode):
(hyperref)                removing `\hss' on input line 275.

[34.34] [35.35] [36.36])
\openout2 = `Dissertation/conclusion.aux'.

 (./Dissertation/conclusion.tex (./common/concl.tex))
[37.37




]
\openout2 = `Dissertation/acronyms.aux'.

 (./Dissertation/acronyms.tex (./dissertation.nls
Runaway argument?
{\nompageref {20} \item [{\nompageref {20} \item [{\nompageref {20} \item \ETC.
! Paragraph ended before \@item was complete.
<to be read again> 
                   \par 
l.67 
     
? 

! LaTeX Error: Something's wrong--perhaps a missing \item.

See the LaTeX manual or LaTeX Companion for explanation.
Type  H <return>  for immediate help.
 ...                                              
                                                  
l.68 \end{thenomenclature}
                          
? 
)) [38.38



]
\openout2 = `Dissertation/dictionary.aux'.

 (./Dissertation/dictionary.tex) [39.39



]
\openout2 = `Dissertation/references.aux'.


(./Dissertation/references.tex

Package biblatex Warning: Keyword 'bibliofull' not found on input line 6.


LaTeX Warning: Empty bibliography on input line 6.


Package biblatex Warning: Keyword 'bibliofull' not found on input line 6.


LaTeX Warning: Empty bibliography on input line 6.


LaTeX Warning: Empty bibliography on input line 10.

)
\openout2 = `Dissertation/lists.aux'.

 (./Dissertation/lists.tex (./dissertation.lof
Package cleveref Info: loaded `russian' language definitions on input line 2.
 (./common/renames.tex))
[40.40






] (./dissertation.lot
Package cleveref Info: loaded `russian' language definitions on input line 2.
 (./common/renames.tex)) [41.41

])
\openout2 = `Dissertation/appendix.aux'.


(./Dissertation/appendix.tex
Package hyperref Info: bookmark level for unknown ListingEnv defaults to 0 on i
nput line 8.

(/usr/share/texlive/texmf-dist/tex/latex/listings/lstlang1.sty
File: lstlang1.sty 2015/06/04 1.6 listings language file
)
(/usr/share/texlive/texmf-dist/tex/latex/listings/lstlang1.sty
File: lstlang1.sty 2015/06/04 1.6 listings language file
)
(/usr/share/texlive/texmf-dist/tex/latex/listings/lstmisc.sty
File: lstmisc.sty 2015/06/04 1.6 (Carsten Heinz)
)
(/usr/share/texlive/texmf-dist/tex/latex/listings/lstlang1.sty
File: lstlang1.sty 2015/06/04 1.6 listings language file
)
(/usr/share/texlive/texmf-dist/tex/latex/listings/lstlang2.sty
File: lstlang2.sty 2015/06/04 1.6 listings language file
) [42.42



]
Package hyperref Info: bookmark level for unknown lstlisting defaults to 0 on i
nput line 66.

[43.43] (/usr/share/texlive/texmf-dist/tex/latex/listings/lstlang1.sty
File: lstlang1.sty 2015/06/04 1.6 listings language file
)
(/usr/share/texlive/texmf-dist/tex/latex/listings/lstlang2.sty
File: lstlang2.sty 2015/06/04 1.6 listings language file
)
(/usr/share/texlive/texmf-dist/tex/latex/listings/lstlang3.sty
File: lstlang3.sty 2015/06/04 1.6 listings language file
)
(./listings/run_analysis.R [44.44] [45.45] [46.46]) [47.47]
LaTeX Font Info:    Font shape `TU/TimesNewRoman(1)/m/sl' in size <12> not avai
lable
(Font)              Font shape `TU/TimesNewRoman(1)/m/it' tried instead on inpu
t line 131.
 [48.48

] [49.49]
[50.50] [51.51] [52.52] [53.53]
Underfull \hbox (badness 2828) in paragraph at lines 456--460
[]\TU/TimesNewRoman(1)/m/n/14.4 В примечании к таблице наоборот, окружение []\T
U/CourierNew(1)/m/n/14.4 cases \TU/TimesNewRoman(1)/m/n/14.4 даёт слишком
 []


Overfull \hbox (6.0pt too wide) in alignment at lines 646--646
 [] [] [] 
 []


Overfull \hbox (6.0pt too wide) in alignment at lines 646--646
 [] [] [] 
 []


Overfull \hbox (6.0pt too wide) in alignment at lines 646--646
 [] [] [] 
 []


Overfull \hbox (6.0pt too wide) in alignment at lines 646--646
 [] [] [] 
 []


Overfull \hbox (6.0pt too wide) in alignment at lines 646--646
 [] [] [] 
 []


Overfull \hbox (6.0pt too wide) in alignment at lines 646--646
 [] [] [] 
 []

[54.54] [55.55] [56.56]
Underfull \hbox (badness 4940) in paragraph at lines 651--657
[]\TU/TimesNewRoman(1)/m/n/14.4 В таблице [][]17[][] пример с чересстрочным фор
матированием. В файле
 []


Underfull \hbox (badness 1895) in paragraph at lines 667--671
[]\TU/TimesNewRoman(1)/m/n/14.4 Так как заголовок таблицы тоже считается за стр
очку, то перед ним
 []


Underfull \hbox (badness 1769) in paragraph at lines 667--671
\TU/TimesNewRoman(1)/m/n/14.4 (для первого, промежуточного и финального вариант
а) счётчик обнуляется,
 []

[57.57] [58.58]
Overfull \hbox (6.33098pt too wide) in paragraph at lines 776--780
[]\TU/TimesNewRoman(1)/m/n/14.4 Общепринятым является следующий формат ссылок: 
\TU/CourierNew(1)/m/n/14.4 <prefix>:<label>\TU/TimesNewRoman(1)/m/n/14.4 .
 []


Overfull \hbox (44.39583pt too wide) in paragraph at lines 776--780
\TU/TimesNewRoman(1)/m/n/14.4 Например, []\TU/CourierNew(1)/m/n/14.4 \label{fig
:knuth}\TU/TimesNewRoman(1)/m/n/14.4 ; []\TU/CourierNew(1)/m/n/14.4 \ref{tab:te
st1}\TU/TimesNewRoman(1)/m/n/14.4 ; []\TU/CourierNew(1)/m/n/14.4 label={lst:ext
ernal1}\TU/TimesNewRoman(1)/m/n/14.4 .
 []

[59.59] [60.60]
File: Dissertation/images/drawing.pdf Graphic file (type pdf)
<use Dissertation/images/drawing.pdf>
File: Dissertation/images/drawing.pdf Graphic file (type pdf)
<use Dissertation/images/drawing.pdf>
File: Dissertation/images/drawing.pdf Graphic file (type pdf)
<use Dissertation/images/drawing.pdf, page 1>
File: Dissertation/images/drawing.pdf Graphic file (type pdf)
<use Dissertation/images/drawing.pdf, page 1>
File: Dissertation/images/drawing.pdf Graphic file (type pdf)
<use Dissertation/images/drawing.pdf, page 1>
File: Dissertation/images/drawing.pdf Graphic file (type pdf)
<use Dissertation/images/drawing.pdf, page 1>
File: Dissertation/images/drawing.pdf Graphic file (type pdf)
<use Dissertation/images/drawing.pdf, page 1>
 [61.61

])
No complaints by nag.
\tf@toc=\write11
\openout11 = `dissertation.toc'.

\tf@lof=\write12
\openout12 = `dissertation.lof'.

\tf@lot=\write13
\openout13 = `dissertation.lot'.

Package atveryend Info: Empty hook `BeforeClearDocument' on input line 90.
Package atveryend Info: Empty hook `AfterLastShipout' on input line 90.
(./dissertation.aux (./Dissertation/title.aux)
Package cleveref Info: loaded `russian' language definitions on input line 27.
 (./common/renames.tex)
(./Dissertation/contents.aux) (./Dissertation/introduction.aux)
(./Dissertation/part1.aux) (./Dissertation/part2.aux) (./Dissertation/part3.aux
) (./Dissertation/conclusion.aux) (./Dissertation/acronyms.aux)
(./Dissertation/dictionary.aux) (./Dissertation/references.aux)
(./Dissertation/lists.aux) (./Dissertation/appendix.aux))
Package atveryend Info: Empty hook `AtVeryEndDocument' on input line 90.


 *File List*
     nag.sty    2011/11/25 0.7 warning about old commands (ulmi)
nag-l2tabu.cfg    2010/05/17 v2.11 l2tabu rules for nag.sty (ulmi)
nag-orthodox.cfg    2006/04/19 v1.8 strict rules for nag.sty (ulmi)
  memoir.cls    2016/05/16 v3.7f configurable book, report, article document cl
ass
   ifpdf.sty    2017/03/15 v3.2 Provides the ifpdf switch
  ifetex.sty    2011/12/15 v1.2 ifetex
 ifxetex.sty    2010/09/12 v0.6 Provides ifxetex conditional
ifluatex.sty    2016/05/16 v1.4 Provides the ifluatex switch (HO)
   mem14.clo    2008/01/30 v0.4 memoir class 14pt size option
mempatch.sty    2009/07/24 v6.0f Patches for memoir class v1.6180339
common/setup.tex
common/packages.tex
etoolbox.sty    2018/02/11 v2.5e e-TeX tools for LaTeX (JAW)
 comment.sty    
pdflscape.sty    2016/05/14 v0.11 Display of landscape pages in PDF (HO)
  lscape.sty    2000/10/22 v3.01 Landscape Pages (DPC)
graphics.sty    2017/06/25 v1.2c Standard LaTeX Graphics (DPC,SPQR)
    trig.sty    2016/01/03 v1.10 sin cos tan (DPC)
graphics.cfg    2016/06/04 v1.11 sample graphics configuration
   xetex.def    2017/06/24 v5.0h Graphics/color driver for xetex
atbegshi.sty    2016/06/09 v1.18 At begin shipout hook (HO)
infwarerr.sty    2016/05/16 v1.4 Providing info/warning/error messages (HO)
 ltxcmds.sty    2016/05/16 v1.23 LaTeX kernel commands for general use (HO)
geometry.sty    2010/09/12 v5.6 Page Geometry
  keyval.sty    2014/10/28 v1.15 key=value parser (DPC)
  ifvtex.sty    2016/05/16 v1.6 Detect VTeX and its facilities (HO)
  amsthm.sty    2017/10/31 v2.20.4
 amsmath.sty    2017/09/02 v2.17a AMS math features
 amstext.sty    2000/06/29 v2.01 AMS text
  amsgen.sty    1999/11/30 v2.0 generic functions
  amsbsy.sty    1999/11/29 v1.2d Bold Symbols
  amsopn.sty    2016/03/08 v2.02 operator names
   amscd.sty    2017/04/14 v2.1 AMS Commutative Diagrams
amsfonts.sty    2013/01/14 v3.01 Basic AMSFonts support
 amssymb.sty    2013/01/14 v3.01 AMS font symbols
mathtools.sty    2018/01/08 v1.21 mathematical typesetting tools
    calc.sty    2014/10/28 v4.3 Infix arithmetic (KKT,FJ)
 mhsetup.sty    2017/03/31 v1.3 programming setup (MH)
   xfrac.sty    2018/02/21 L3 Experimental split-level fractions
   expl3.sty    2018/02/21 L3 programming layer (loader) 
expl3-code.tex    2018/02/21 L3 programming layer 
l3xdvipdfmx.def    
graphicx.sty    2017/06/01 v1.1a Enhanced LaTeX Graphics (DPC,SPQR)
l3keys2e.sty    2018/02/21 LaTeX2e option processing using LaTeX3 keys
textcomp.sty    2017/04/05 v2.0i Standard LaTeX package
  ts1enc.def    2001/06/05 v3.0e (jk/car/fm) Standard LaTeX file
  xparse.sty    2018/02/21 L3 Experimental document command parser
xtemplate.sty    2018/02/21 L3 Experimental prototype document functions
 siunitx.sty    2017/11/26 v2.7k A comprehensive (SI) units package
translator.sty    2018/01/04 v1.12 Easy translation of strings in LaTeX
 siunitx.cfg    
polyglossia.sty    2015/03/25 v1.42.4 Alternative to Babel for XeLaTeX and LuaL
aTeX
makecmds.sty    2009/09/03 v1.0a extra command making commands
 xkeyval.sty    2014/12/03 v2.7a package option processing (HA)
 xkeyval.tex    2014/12/03 v2.7a key=value parser (HA)
fontspec.sty    2017/11/09 v2.6g Font selection for XeLaTeX and LuaLaTeX
fontspec-xetex.sty    2017/11/09 v2.6g Font selection for XeLaTeX and LuaLaTeX
 fontenc.sty
   tuenc.def    2017/04/05 v2.0i Standard LaTeX file
fontspec.cfg
indentfirst.sty    1995/11/23 v1.03 Indent first paragraph (DPC)
  xcolor.sty    2016/05/11 v2.12 LaTeX color extensions (UK)
   color.cfg    2016/01/02 v1.6 sample color configuration
colortbl.sty    2012/02/13 v1.0a Color table columns (DPC)
dvipsnam.def    2016/06/17 v3.0m Driver-dependent file (DPC,SPQR)
longtable.sty    2014/10/28 v4.11 Multi-page Table package (DPC)
ltcaption.sty    2013/06/09 v1.4-94 longtable captions (AR)
multirow.sty    2016/11/25 v2.2 Span multiple rows of a table
makecell.sty    2009/08/03 V0.1e Managing of Tab Column Heads and Cells
    tabu.sty    2011/02/26 v2.8 - flexible LaTeX tabulars (FC)
varwidth.sty    2009/03/30 ver 0.92;  Variable-width minipages
tabulary.sty    2014/06/11 v0.10 tabulary package (DPC)
threeparttable.sty    2003/06/13  v 3.0
soulutf8.sty    2016/05/16 v1.1 Permit use of UTF-8 characters in soul (HO)
    soul.sty    2003/11/17 v2.4 letterspacing/underlining (mf)
etexcmds.sty    2016/05/16 v1.6 Avoid name clashes with e-TeX commands (HO)
  icomma.sty    2002/03/10 v2.0 (WaS)
impnattypo.sty    
kvoptions.sty    2016/05/16 v3.12 Key value format for package options (HO)
kvsetkeys.sty    2016/05/16 v1.17 Key value parser (HO)
    tikz.sty    2015/08/07 v3.0.1a (rcs-revision 1.151)
     pgf.sty    2015/08/07 v3.0.1a (rcs-revision 1.15)
  pgfrcs.sty    2015/08/07 v3.0.1a (rcs-revision 1.31)
everyshi.sty    2001/05/15 v3.00 EveryShipout Package (MS)
  pgfrcs.code.tex
 pgfcore.sty    2010/04/11 v3.0.1a (rcs-revision 1.7)
  pgfsys.sty    2014/07/09 v3.0.1a (rcs-revision 1.48)
  pgfsys.code.tex
pgfsyssoftpath.code.tex    2013/09/09  (rcs-revision 1.9)
pgfsysprotocol.code.tex    2006/10/16  (rcs-revision 1.4)
 pgfcore.code.tex
pgfcomp-version-0-65.sty    2007/07/03 v3.0.1a (rcs-revision 1.7)
pgfcomp-version-1-18.sty    2007/07/23 v3.0.1a (rcs-revision 1.1)
  pgffor.sty    2013/12/13 v3.0.1a (rcs-revision 1.25)
 pgfkeys.sty    
 pgfkeys.code.tex
 pgfmath.sty    
 pgfmath.code.tex
  pgffor.code.tex
    tikz.code.tex
hyperref.sty    2018/02/06 v6.86b Hypertext links for LaTeX
hobsub-hyperref.sty    2016/05/16 v1.14 Bundle oberdiek, subset hyperref (HO)
hobsub-generic.sty    2016/05/16 v1.14 Bundle oberdiek, subset generic (HO)
  hobsub.sty    2016/05/16 v1.14 Construct package bundles (HO)
 intcalc.sty    2016/05/16 v1.2 Expandable calculations with integers (HO)
kvdefinekeys.sty    2016/05/16 v1.4 Define keys (HO)
pdftexcmds.sty    2018/01/21 v0.26 Utility functions of pdfTeX for LuaTeX (HO)
pdfescape.sty    2016/05/16 v1.14 Implements pdfTeX's escape features (HO)
bigintcalc.sty    2016/05/16 v1.4 Expandable calculations on big integers (HO)
  bitset.sty    2016/05/16 v1.2 Handle bit-vector datatype (HO)
uniquecounter.sty    2016/05/16 v1.3 Provide unlimited unique counter (HO)
letltxmacro.sty    2016/05/16 v1.5 Let assignment for LaTeX macros (HO)
 hopatch.sty    2016/05/16 v1.3 Wrapper for package hooks (HO)
xcolor-patch.sty    2016/05/16 xcolor patch
atveryend.sty    2016/05/16 v1.9 Hooks at the very end of document (HO)
refcount.sty    2016/05/16 v3.5 Data extraction from label references (HO)
 hycolor.sty    2016/05/16 v1.8 Color options for hyperref/bookmark (HO)
 auxhook.sty    2016/05/16 v1.4 Hooks for auxiliary files (HO)
  pd1enc.def    2018/02/06 v6.86b Hyperref: PDFDocEncoding definition (HO)
hyperref.cfg    2002/06/06 v1.2 hyperref configuration of TeXLive
     url.sty    2013/09/16  ver 3.4  Verb mode for urls, etc.
memhfixc.sty    2013/05/30 v1.17 nameref/hyperref package fixes for memoir clas
s
  hxetex.def    2018/02/06 v6.86b Hyperref driver for XeTeX
   puenc.def    2018/02/06 v6.86b Hyperref: PDF Unicode definition (HO)
stringenc.sty    2016/05/16 v1.11 Convert strings between diff. encodings (HO)
rerunfilecheck.sty    2016/05/16 v1.8 Rerun checks for auxiliary files (HO)
 caption.sty    2016/02/21 v3.3-144 Customizing captions (AR)
caption3.sty    2016/05/22 v1.7-166 caption3 kernel (AR)
subcaption.sty    2016/05/22 v1.1-161 Sub-captions (AR)
pdfpages.sty    2017/10/31 v0.5l Insert pages of external PDF documents (AM)
  ifthen.sty    2014/09/29 v1.1c Standard LaTeX ifthen package (DPC)
 eso-pic.sty    2015/07/21 v2.0g eso-pic (RN)
 ppxetex.def    2017/10/31 v0.5l Pdfpages driver for XeTeX (AM)
aliascnt.sty    2016/05/16 v1.4 Alias counters (HO)
remreset.sty    
totalcount.sty    2013/05/12 v1.0-92 Total values of counters (AR)
totcount.sty    2011/01/25 v1.2 package for gettingthe total value of LaTeX cou
nters
totpages.sty    2005/09/19 v2.00 Totpages Package (muewi)
cleveref.sty    2018/02/08 v0.21.1 Intelligent cross-referencing
placeins.sty    2005/04/18  v 2.2
Dissertation/dispackages.tex
afterpage.sty    2014/10/28 v1.08 After-Page Package (DPC)
enumitem.sty    2011/09/28 v3.5.2 Customized lists
 nomencl.sty    2005/09/22 v4.2 Nomenclature package (LN)
Dissertation/userpackages.tex
fr-longtable.sty    2007/11/28 v0.1b (beta) floatrow: additions for longtable
fancyvrb.sty    2008/02/07
listings.sty    2015/06/04 1.6 (Carsten Heinz)
 lstmisc.sty    2015/06/04 1.6 (Carsten Heinz)
listings.cfg    2015/06/04 1.6 listings configuration
 upgreek.sty    2003/02/12 v2.0 (WaS)
Dissertation/setup.tex
common/newnames.tex
common/data.tex
common/fonts.tex
gloss-russian.ldf    polyglossia: module for russian
 babelsh.def    2013/04/30 Babel common definitions for shorthands
 Taken verbatim from babel.def (2013/04/15 v3.9e)
gloss-english.ldf    polyglossia: module for english
common/styles.tex
se-ascii-print.def    2016/05/16 v1.11 stringenc: Printable ASCII characters
Dissertation/disstyles.tex
Dissertation/userstyles.tex
biblio/biblatex.tex
csquotes.sty    2018/02/11 v5.2c context-sensitive quotations (JAW)
csquotes.def    2018/02/11 v5.2c csquotes generic definitions (JAW)
csquotes.cfg    
biblatex.sty    2017/12/19 v3.10 programmable bibliographies (PK/JW/AB)
  logreq.sty    2010/08/04 v1.0 xml request logger
  logreq.def    2010/08/04 v1.0 logreq spec v1.0
 xstring.sty    2013/10/13  v1.7c  String manipulations (C Tellechea)
  blx-dm.def
biblatex-gost.dbx    2018/02/20 v1.17 biblatex-gost data model
gost-numeric.dbx    2018/02/20 v1.17 biblatex-gost data model
biblatex-dm.cfg
blx-unicode.def
blx-compat.def    2017/12/19 v3.10 biblatex compatibility (PK/JW/AB)
biblatex.def    2017/12/19 v3.10 biblatex compatibility (PK/JW/AB)
biblatex-gost.def    2018/02/20 v1.17 biblatex-gost styles
gost-standard.bbx    2018/02/20 v1.17 biblatex-gost styles
gost-numeric.bbx    2018/02/20 v1.17 biblatex-gost styles
numeric-comp.cbx    2017/12/19 v3.10 biblatex citation style (PK/JW/AB)
gost-numeric.cbx    2018/02/20 v1.17 biblatex-gost styles
biblatex.cfg    
 english.lbx    2017/12/19 v3.10 biblatex localization (PK/JW/AB)
english-gost.lbx    2018/02/20 v1.17 biblatex-gost styles
 russian.lbx    2017/12/19 v3.10 biblatex localization (PK/JW/AB)
russian-gost.lbx    2018/02/20 v1.17 biblatex-gost styles
  ts1cmr.fd    2014/09/29 v2.5h Standard LaTeX font definitions
translator-basic-dictionary-English.dict    
siunitx-abbreviations.cfg    2017/11/26 v2.7k siunitx: Abbreviated units
 nameref.sty    2016/05/21 v2.44 Cross-referencing by name of section
gettitlestring.sty    2016/05/16 v1.5 Cleanup title references (HO)
dissertation.out
dissertation.out
dissertation.bbl
    umsa.fd    2013/01/14 v3.01 AMS symbols A
    umsb.fd    2013/01/14 v3.01 AMS symbols B
common/renames.tex
Dissertation/title.tex
images/logo.pdf
Dissertation/contents.tex
common/renames.tex
Dissertation/introduction.tex
common/characteristic.tex
Dissertation/part1.tex
    ueuf.fd    2013/01/14 v3.01 Euler Fraktur
Dissertation/part2.tex
images/latex.png
images/knuth1.jpg
images/knuth2.jpg
images/knuth1.jpg
images/knuth2.jpg
example-image-c.pdf    Graphic file (type pdf)
Dissertation/images/tikz_scheme.tikz
Dissertation/part3.tex
Dissertation/conclusion.tex
common/concl.tex
Dissertation/acronyms.tex
dissertation.nls
Dissertation/dictionary.tex
Dissertation/references.tex
Dissertation/lists.tex
common/renames.tex
common/renames.tex
Dissertation/appendix.tex
lstlang1.sty    2015/06/04 1.6 listings language file
lstlang1.sty    2015/06/04 1.6 listings language file
 lstmisc.sty    2015/06/04 1.6 (Carsten Heinz)
lstlang1.sty    2015/06/04 1.6 listings language file
lstlang2.sty    2015/06/04 1.6 listings language file
lstlang1.sty    2015/06/04 1.6 listings language file
lstlang2.sty    2015/06/04 1.6 listings language file
lstlang3.sty    2015/06/04 1.6 listings language file
listings/run_analysis.R
Dissertation/images/drawing.pdf
Dissertation/images/drawing.pdf
Dissertation/images/drawing.pdf
Dissertation/images/drawing.pdf
common/renames.tex
 ***********

Package atveryend Info: Empty hook `AtEndAfterFileList' on input line 90.

LaTeX Warning: There were undefined references.


Package biblatex Warning: Please (re)run Biber on the file:
(biblatex)                dissertation
(biblatex)                and rerun LaTeX afterwards.

Package logreq Info: Writing requests to 'dissertation.run.xml'.
\openout1 = `dissertation.run.xml'.

 ) 
Here is how much of TeX's memory you used:
 57119 strings out of 493007
 1099784 string characters out of 6136719
 2085527 words of memory out of 5000000
 60126 multiletter control sequences out of 15000+600000
 556082 words of font info for 163 fonts, out of 8000000 for 9000
 1348 hyphenation exceptions out of 8191
 63i,22n,101p,10453b,7501s stack positions out of 5000i,500n,10000p,200000b,80000s

Output written on dissertation.pdf (61 pages).
