This is XeTeX, Version 3.14159265-2.6-0.99998 (TeX Live 2017/Debian) (preloaded format=xelatex 2023.5.31)  16 JUN 2023 21:21
entering extended mode
 restricted \write18 enabled.
 %&-line parsing enabled.
**elsarticle-template.tex
(./elsarticle-template.tex
LaTeX2e <2017-04-15>
Babel <3.18> and hyphenation patterns for 84 language(s) loaded.
(/usr/share/texlive/texmf-dist/tex/latex/elsarticle/elsarticle.cls
Document Class: elsarticle 2009/09/17, 1.2.0: Elsevier Ltd
\@bls=\dimen102
(/usr/share/texlive/texmf-dist/tex/latex/base/article.cls
Document Class: article 2014/09/29 v1.4h Standard LaTeX document class
(/usr/share/texlive/texmf-dist/tex/latex/base/size10.clo
File: size10.clo 2014/09/29 v1.4h Standard LaTeX file (size option)
)
\c@part=\count79
\c@section=\count80
\c@subsection=\count81
\c@subsubsection=\count82
\c@paragraph=\count83
\c@subparagraph=\count84
\c@figure=\count85
\c@table=\count86
\abovecaptionskip=\skip41
\belowcaptionskip=\skip42
\bibindent=\dimen103
)
(/usr/share/texlive/texmf-dist/tex/latex/graphics/graphicx.sty
Package: graphicx 2017/06/01 v1.1a Enhanced LaTeX Graphics (DPC,SPQR)

(/usr/share/texlive/texmf-dist/tex/latex/graphics/keyval.sty
Package: keyval 2014/10/28 v1.15 key=value parser (DPC)
\KV@toks@=\toks14
)
(/usr/share/texlive/texmf-dist/tex/latex/graphics/graphics.sty
Package: graphics 2017/06/25 v1.2c Standard LaTeX Graphics (DPC,SPQR)

(/usr/share/texlive/texmf-dist/tex/latex/graphics/trig.sty
Package: trig 2016/01/03 v1.10 sin cos tan (DPC)
)
(/usr/share/texlive/texmf-dist/tex/latex/graphics-cfg/graphics.cfg
File: graphics.cfg 2016/06/04 v1.11 sample graphics configuration
)
Package graphics Info: Driver file: xetex.def on input line 99.

(/usr/share/texlive/texmf-dist/tex/latex/graphics-def/xetex.def
File: xetex.def 2017/06/24 v5.0h Graphics/color driver for xetex
))
\Gin@req@height=\dimen104
\Gin@req@width=\dimen105
)
(/usr/share/texlive/texmf-dist/tex/latex/psnfss/pifont.sty
Package: pifont 2005/04/12 PSNFSS-v9.2a Pi font support (SPQR) 
LaTeX Font Info:    Try loading font information for U+pzd on input line 63.

(/usr/share/texlive/texmf-dist/tex/latex/psnfss/upzd.fd
File: upzd.fd 2001/06/04 font definitions for U/pzd.
)
LaTeX Font Info:    Try loading font information for U+psy on input line 64.

(/usr/share/texlive/texmf-dist/tex/latex/psnfss/upsy.fd
File: upsy.fd 2001/06/04 font definitions for U/psy.
))
\c@tnote=\count87
\c@fnote=\count88
\c@cnote=\count89
\c@ead=\count90
\c@author=\count91
\@eadauthor=\toks15
\c@affn=\count92
\absbox=\box26
\keybox=\box27
\Columnwidth=\dimen106
\space@left=\dimen107
\els@boxa=\box28
\els@boxb=\box29
\leftMargin=\dimen108
\@enLab=\toks16
\@sep=\skip43
\@@sep=\skip44

(./elsarticle-template.spl)
(/usr/share/texlive/texmf-dist/tex/latex/natbib/natbib.sty
Package: natbib 2010/09/13 8.31b (PWD, AO)
\bibhang=\skip45
\bibsep=\skip46
LaTeX Info: Redefining \cite on input line 694.
\c@NAT@ctr=\count93
)
\splwrite=\write3
\openout3 = `elsarticle-template.spl'.

)
(/usr/share/texlive/texmf-dist/tex/latex/amsmath/amsmath.sty
Package: amsmath 2017/09/02 v2.17a AMS math features
\@mathmargin=\skip47

For additional information on amsmath, use the `?' option.
(/usr/share/texlive/texmf-dist/tex/latex/amsmath/amstext.sty
Package: amstext 2000/06/29 v2.01 AMS text

(/usr/share/texlive/texmf-dist/tex/latex/amsmath/amsgen.sty
File: amsgen.sty 1999/11/30 v2.0 generic functions
\@emptytoks=\toks17
\ex@=\dimen109
))
(/usr/share/texlive/texmf-dist/tex/latex/amsmath/amsbsy.sty
Package: amsbsy 1999/11/29 v1.2d Bold Symbols
\pmbraise@=\dimen110
)
(/usr/share/texlive/texmf-dist/tex/latex/amsmath/amsopn.sty
Package: amsopn 2016/03/08 v2.02 operator names
)
\inf@bad=\count94
LaTeX Info: Redefining \frac on input line 213.
\uproot@=\count95
\leftroot@=\count96
LaTeX Info: Redefining \overline on input line 375.
\classnum@=\count97
\DOTSCASE@=\count98
LaTeX Info: Redefining \ldots on input line 472.
LaTeX Info: Redefining \dots on input line 475.
LaTeX Info: Redefining \cdots on input line 596.
\Mathstrutbox@=\box30
\strutbox@=\box31
\big@size=\dimen111
LaTeX Font Info:    Redeclaring font encoding OML on input line 712.
LaTeX Font Info:    Redeclaring font encoding OMS on input line 713.
\macc@depth=\count99
\c@MaxMatrixCols=\count100
\dotsspace@=\muskip10
\c@parentequation=\count101
\dspbrk@lvl=\count102
\tag@help=\toks18
\row@=\count103
\column@=\count104
\maxfields@=\count105
\andhelp@=\toks19
\eqnshift@=\dimen112
\alignsep@=\dimen113
\tagshift@=\dimen114
\tagwidth@=\dimen115
\totwidth@=\dimen116
\lineht@=\dimen117
\@envbody=\toks20
\multlinegap=\skip48
\multlinetaggap=\skip49
\mathdisplay@stack=\toks21
LaTeX Info: Redefining \[ on input line 2817.
LaTeX Info: Redefining \] on input line 2818.
)
(/usr/share/texlive/texmf-dist/tex/latex/amscls/amsthm.sty
Package: amsthm 2017/10/31 v2.20.4
\thm@style=\toks22
\thm@bodyfont=\toks23
\thm@headfont=\toks24
\thm@notefont=\toks25
\thm@headpunct=\toks26
\thm@preskip=\skip50
\thm@postskip=\skip51
\thm@headsep=\skip52
\dth@everypar=\toks27
LaTeX Info: Redefining \qed on input line 274.
)
(/usr/share/texlive/texmf-dist/tex/latex/amsfonts/amssymb.sty
Package: amssymb 2013/01/14 v3.01 AMS font symbols

(/usr/share/texlive/texmf-dist/tex/latex/amsfonts/amsfonts.sty
Package: amsfonts 2013/01/14 v3.01 Basic AMSFonts support
\symAMSa=\mathgroup4
\symAMSb=\mathgroup5
LaTeX Font Info:    Overwriting math alphabet `\mathfrak' in version `bold'
(Font)                  U/euf/m/n --> U/euf/b/n on input line 106.
))
(/usr/share/texlive/texmf-dist/tex/latex/t2/mathtext.sty
Package: mathtext 1999/01/28 v1.0 transparent text-and-math defs
LaTeX Info: Redefining \halign on input line 111.
)
(/usr/share/texlive/texmf-dist/tex/latex/base/fontenc.sty
Package: fontenc 2017/04/05 v2.0i Standard LaTeX package

(/usr/share/texlive/texmf-dist/tex/latex/base/t1enc.def
File: t1enc.def 2017/04/05 v2.0i Standard LaTeX file
LaTeX Font Info:    Redeclaring font encoding T1 on input line 48.
\symT1letters=\mathgroup6
)
(/usr/share/texlive/texmf-dist/tex/latex/cyrillic/t2aenc.def
File: t2aenc.def 2005/09/27 v1.0i Cyrillic encoding definition file
\symT2Aletters=\mathgroup7
)
LaTeX Font Info:    Try loading font information for T2A+lmr on input line 105.

LaTeX Font Info:    No file T2Almr.fd. on input line 105.
LaTeX Font Info:    Try loading font information for T2A+cmr on input line 105.


(/usr/share/texlive/texmf-dist/tex/latex/cyrillic/t2acmr.fd
File: t2acmr.fd 2001/08/11 v1.0a Computer Modern Cyrillic font definitions
)

LaTeX Font Warning: Font shape `T2A/lmr/m/n' undefined
(Font)              using `T2A/cmr/m/n' instead on input line 105.

) (/usr/share/texlive/texmf-dist/tex/latex/base/fontenc.sty
Package: fontenc 2017/04/05 v2.0i Standard LaTeX package

(/usr/share/texlive/texmf-dist/tex/latex/cyrillic/t2aenc.def
File: t2aenc.def 2005/09/27 v1.0i Cyrillic encoding definition file
LaTeX Font Info:    Redeclaring font encoding T2A on input line 42.
LaTeX Font Info:    Redeclaring symbol font `T2Aletters' on input line 42.
LaTeX Font Info:    Overwriting symbol font `T2Aletters' in version `normal'
(Font)                  T2A/lmr/m/n --> T2A/lmr/m/n on input line 42.
LaTeX Font Info:    Overwriting symbol font `T2Aletters' in version `bold'
(Font)                  T2A/lmr/m/n --> T2A/lmr/m/n on input line 42.
LaTeX Font Info:    Redeclaring math symbol \T2Amath\textendash on input line 7
4.
LaTeX Font Info:    Redeclaring math symbol \T2Amath\cyrdash on input line 75.
LaTeX Font Info:    Redeclaring math symbol \T2Amath\textemdash on input line 7
6.
LaTeX Font Info:    Redeclaring math symbol \T2Amath\textcompwordmark on input 
line 77.
LaTeX Font Info:    Redeclaring math symbol \T2Amath\textvisiblespace on input 
line 78.
LaTeX Font Info:    Redeclaring math symbol \T2Amath\textdollar on input line 7
9.
LaTeX Font Info:    Redeclaring math symbol \T2Amath\textless on input line 80.

LaTeX Font Info:    Redeclaring math symbol \T2Amath\textgreater on input line 
81.
LaTeX Font Info:    Redeclaring math symbol \T2Amath\textbackslash on input lin
e 82.
LaTeX Font Info:    Redeclaring math symbol \T2Amath\textasciicircum on input l
ine 83.
LaTeX Font Info:    Redeclaring math symbol \T2Amath\textunderscore on input li
ne 84.
LaTeX Font Info:    Redeclaring math symbol \T2Amath\textbraceleft on input lin
e 85.
LaTeX Font Info:    Redeclaring math symbol \T2Amath\textbar on input line 86.
LaTeX Font Info:    Redeclaring math symbol \T2Amath\textbraceright on input li
ne 87.
LaTeX Font Info:    Redeclaring math symbol \T2Amath\textasciitilde on input li
ne 88.
LaTeX Font Info:    Redeclaring math symbol \T2Amath\textnumero on input line 8
9.
LaTeX Font Info:    Redeclaring math symbol \T2Amath\textcurrency on input line
 90.
LaTeX Font Info:    Redeclaring math symbol \T2Amath\textsection on input line 
91.
LaTeX Font Info:    Redeclaring math symbol \T2Amath\textquotedbl on input line
 92.
LaTeX Font Info:    Redeclaring math symbol \T2Amath\textquoteleft on input lin
e 93.
LaTeX Font Info:    Redeclaring math symbol \T2Amath\textquoteright on input li
ne 94.
LaTeX Font Info:    Redeclaring math symbol \T2Amath\textquotedblleft on input 
line 95.
LaTeX Font Info:    Redeclaring math symbol \T2Amath\textquotedblright on input
 line 96.
LaTeX Font Info:    Redeclaring math symbol \T2Amath\quotedblbase on input line
 97.
LaTeX Font Info:    Redeclaring math symbol \T2Amath\CYRpalochka on input line 
98.
LaTeX Font Info:    Redeclaring math symbol \T2Amath\cyrlangle on input line 99
.
LaTeX Font Info:    Redeclaring math symbol \T2Amath\cyrrangle on input line 10
0.
LaTeX Font Info:    Redeclaring math symbol \T2Amath\guillemotleft on input lin
e 101.
LaTeX Font Info:    Redeclaring math symbol \T2Amath\guillemotright on input li
ne 102.
LaTeX Font Info:    Redeclaring math symbol \T2Amath\i on input line 103.
LaTeX Font Info:    Redeclaring math symbol \T2Amath\j on input line 104.
LaTeX Font Info:    Redeclaring math symbol \T2Amath\CYRA on input line 106.
LaTeX Font Info:    Redeclaring math symbol \T2Amath\cyra on input line 107.
LaTeX Font Info:    Redeclaring math symbol \T2Amath\CYRB on input line 108.
LaTeX Font Info:    Redeclaring math symbol \T2Amath\cyrb on input line 109.
LaTeX Font Info:    Redeclaring math symbol \T2Amath\CYRV on input line 110.
LaTeX Font Info:    Redeclaring math symbol \T2Amath\cyrv on input line 111.
LaTeX Font Info:    Redeclaring math symbol \T2Amath\CYRG on input line 112.
LaTeX Font Info:    Redeclaring math symbol \T2Amath\cyrg on input line 113.
LaTeX Font Info:    Redeclaring math symbol \T2Amath\CYRD on input line 114.
LaTeX Font Info:    Redeclaring math symbol \T2Amath\cyrd on input line 115.
LaTeX Font Info:    Redeclaring math symbol \T2Amath\CYRE on input line 116.
LaTeX Font Info:    Redeclaring math symbol \T2Amath\cyre on input line 117.
LaTeX Font Info:    Redeclaring math symbol \T2Amath\CYRZH on input line 118.
LaTeX Font Info:    Redeclaring math symbol \T2Amath\cyrzh on input line 119.
LaTeX Font Info:    Redeclaring math symbol \T2Amath\CYRZ on input line 120.
LaTeX Font Info:    Redeclaring math symbol \T2Amath\cyrz on input line 121.
LaTeX Font Info:    Redeclaring math symbol \T2Amath\CYRI on input line 122.
LaTeX Font Info:    Redeclaring math symbol \T2Amath\cyri on input line 123.
LaTeX Font Info:    Redeclaring math symbol \T2Amath\CYRISHRT on input line 124
.
LaTeX Font Info:    Redeclaring math symbol \T2Amath\cyrishrt on input line 125
.
LaTeX Font Info:    Redeclaring math symbol \T2Amath\CYRK on input line 126.
LaTeX Font Info:    Redeclaring math symbol \T2Amath\cyrk on input line 127.
LaTeX Font Info:    Redeclaring math symbol \T2Amath\CYRL on input line 128.
LaTeX Font Info:    Redeclaring math symbol \T2Amath\cyrl on input line 129.
LaTeX Font Info:    Redeclaring math symbol \T2Amath\CYRM on input line 130.
LaTeX Font Info:    Redeclaring math symbol \T2Amath\cyrm on input line 131.
LaTeX Font Info:    Redeclaring math symbol \T2Amath\CYRN on input line 132.
LaTeX Font Info:    Redeclaring math symbol \T2Amath\cyrn on input line 133.
LaTeX Font Info:    Redeclaring math symbol \T2Amath\CYRO on input line 134.
LaTeX Font Info:    Redeclaring math symbol \T2Amath\cyro on input line 135.
LaTeX Font Info:    Redeclaring math symbol \T2Amath\CYRP on input line 136.
LaTeX Font Info:    Redeclaring math symbol \T2Amath\cyrp on input line 137.
LaTeX Font Info:    Redeclaring math symbol \T2Amath\CYRR on input line 138.
LaTeX Font Info:    Redeclaring math symbol \T2Amath\cyrr on input line 139.
LaTeX Font Info:    Redeclaring math symbol \T2Amath\CYRS on input line 140.
LaTeX Font Info:    Redeclaring math symbol \T2Amath\cyrs on input line 141.
LaTeX Font Info:    Redeclaring math symbol \T2Amath\CYRT on input line 142.
LaTeX Font Info:    Redeclaring math symbol \T2Amath\cyrt on input line 143.
LaTeX Font Info:    Redeclaring math symbol \T2Amath\CYRU on input line 144.
LaTeX Font Info:    Redeclaring math symbol \T2Amath\cyru on input line 145.
LaTeX Font Info:    Redeclaring math symbol \T2Amath\CYRF on input line 146.
LaTeX Font Info:    Redeclaring math symbol \T2Amath\cyrf on input line 147.
LaTeX Font Info:    Redeclaring math symbol \T2Amath\CYRH on input line 148.
LaTeX Font Info:    Redeclaring math symbol \T2Amath\cyrh on input line 149.
LaTeX Font Info:    Redeclaring math symbol \T2Amath\CYRC on input line 150.
LaTeX Font Info:    Redeclaring math symbol \T2Amath\cyrc on input line 151.
LaTeX Font Info:    Redeclaring math symbol \T2Amath\CYRCH on input line 152.
LaTeX Font Info:    Redeclaring math symbol \T2Amath\cyrch on input line 153.
LaTeX Font Info:    Redeclaring math symbol \T2Amath\CYRSH on input line 154.
LaTeX Font Info:    Redeclaring math symbol \T2Amath\cyrsh on input line 155.
LaTeX Font Info:    Redeclaring math symbol \T2Amath\CYRSHCH on input line 156.

LaTeX Font Info:    Redeclaring math symbol \T2Amath\cyrshch on input line 157.

LaTeX Font Info:    Redeclaring math symbol \T2Amath\CYRHRDSN on input line 158
.
LaTeX Font Info:    Redeclaring math symbol \T2Amath\cyrhrdsn on input line 159
.
LaTeX Font Info:    Redeclaring math symbol \T2Amath\CYRERY on input line 160.
LaTeX Font Info:    Redeclaring math symbol \T2Amath\cyrery on input line 161.
LaTeX Font Info:    Redeclaring math symbol \T2Amath\CYRSFTSN on input line 162
.
LaTeX Font Info:    Redeclaring math symbol \T2Amath\cyrsftsn on input line 163
.
LaTeX Font Info:    Redeclaring math symbol \T2Amath\CYREREV on input line 164.

LaTeX Font Info:    Redeclaring math symbol \T2Amath\cyrerev on input line 165.

LaTeX Font Info:    Redeclaring math symbol \T2Amath\CYRYU on input line 166.
LaTeX Font Info:    Redeclaring math symbol \T2Amath\cyryu on input line 167.
LaTeX Font Info:    Redeclaring math symbol \T2Amath\CYRYA on input line 168.
LaTeX Font Info:    Redeclaring math symbol \T2Amath\cyrya on input line 169.
LaTeX Font Info:    Redeclaring math symbol \T2Amath\CYRGUP on input line 170.
LaTeX Font Info:    Redeclaring math symbol \T2Amath\cyrgup on input line 171.
LaTeX Font Info:    Redeclaring math symbol \T2Amath\CYRGHCRS on input line 172
.
LaTeX Font Info:    Redeclaring math symbol \T2Amath\cyrghcrs on input line 173
.
LaTeX Font Info:    Redeclaring math symbol \T2Amath\CYRDJE on input line 174.
LaTeX Font Info:    Redeclaring math symbol \T2Amath\cyrdje on input line 175.
LaTeX Font Info:    Redeclaring math symbol \T2Amath\CYRTSHE on input line 176.

LaTeX Font Info:    Redeclaring math symbol \T2Amath\cyrtshe on input line 177.

LaTeX Font Info:    Redeclaring math symbol \T2Amath\CYRSHHA on input line 178.

LaTeX Font Info:    Redeclaring math symbol \T2Amath\cyrshha on input line 179.

LaTeX Font Info:    Redeclaring math symbol \T2Amath\CYRZHDSC on input line 180
.
LaTeX Font Info:    Redeclaring math symbol \T2Amath\cyrzhdsc on input line 181
.
LaTeX Font Info:    Redeclaring math symbol \T2Amath\CYRZDSC on input line 182.

LaTeX Font Info:    Redeclaring math symbol \T2Amath\cyrzdsc on input line 183.

LaTeX Font Info:    Redeclaring math symbol \T2Amath\CYRLJE on input line 184.
LaTeX Font Info:    Redeclaring math symbol \T2Amath\cyrlje on input line 185.
LaTeX Font Info:    Redeclaring math symbol \T2Amath\CYRYI on input line 186.
LaTeX Font Info:    Redeclaring math symbol \T2Amath\cyryi on input line 187.
LaTeX Font Info:    Redeclaring math symbol \T2Amath\CYRKDSC on input line 188.

LaTeX Font Info:    Redeclaring math symbol \T2Amath\cyrkdsc on input line 189.

LaTeX Font Info:    Redeclaring math symbol \T2Amath\CYRKBEAK on input line 190
.
LaTeX Font Info:    Redeclaring math symbol \T2Amath\cyrkbeak on input line 191
.
LaTeX Font Info:    Redeclaring math symbol \T2Amath\CYRKVCRS on input line 192
.
LaTeX Font Info:    Redeclaring math symbol \T2Amath\cyrkvcrs on input line 193
.
LaTeX Font Info:    Redeclaring math symbol \T2Amath\CYRAE on input line 194.
LaTeX Font Info:    Redeclaring math symbol \T2Amath\cyrae on input line 195.
LaTeX Font Info:    Redeclaring math symbol \T2Amath\CYRNDSC on input line 196.

LaTeX Font Info:    Redeclaring math symbol \T2Amath\cyrndsc on input line 197.

LaTeX Font Info:    Redeclaring math symbol \T2Amath\CYRNG on input line 198.
LaTeX Font Info:    Redeclaring math symbol \T2Amath\cyrng on input line 199.
LaTeX Font Info:    Redeclaring math symbol \T2Amath\CYRDZE on input line 200.
LaTeX Font Info:    Redeclaring math symbol \T2Amath\cyrdze on input line 201.
LaTeX Font Info:    Redeclaring math symbol \T2Amath\CYROTLD on input line 202.

LaTeX Font Info:    Redeclaring math symbol \T2Amath\cyrotld on input line 203.

LaTeX Font Info:    Redeclaring math symbol \T2Amath\CYRSDSC on input line 204.

LaTeX Font Info:    Redeclaring math symbol \T2Amath\cyrsdsc on input line 205.

LaTeX Font Info:    Redeclaring math symbol \T2Amath\CYRUSHRT on input line 206
.
LaTeX Font Info:    Redeclaring math symbol \T2Amath\cyrushrt on input line 207
.
LaTeX Font Info:    Redeclaring math symbol \T2Amath\CYRY on input line 208.
LaTeX Font Info:    Redeclaring math symbol \T2Amath\cyry on input line 209.
LaTeX Font Info:    Redeclaring math symbol \T2Amath\CYRYHCRS on input line 210
.
LaTeX Font Info:    Redeclaring math symbol \T2Amath\cyryhcrs on input line 211
.
LaTeX Font Info:    Redeclaring math symbol \T2Amath\CYRHDSC on input line 212.

LaTeX Font Info:    Redeclaring math symbol \T2Amath\cyrhdsc on input line 213.

LaTeX Font Info:    Redeclaring math symbol \T2Amath\CYRDZHE on input line 214.

LaTeX Font Info:    Redeclaring math symbol \T2Amath\cyrdzhe on input line 215.

LaTeX Font Info:    Redeclaring math symbol \T2Amath\CYRCHVCRS on input line 21
6.
LaTeX Font Info:    Redeclaring math symbol \T2Amath\cyrchvcrs on input line 21
7.
LaTeX Font Info:    Redeclaring math symbol \T2Amath\CYRCHRDSC on input line 21
8.
LaTeX Font Info:    Redeclaring math symbol \T2Amath\cyrchrdsc on input line 21
9.
LaTeX Font Info:    Redeclaring math symbol \T2Amath\CYRIE on input line 220.
LaTeX Font Info:    Redeclaring math symbol \T2Amath\cyrie on input line 221.
LaTeX Font Info:    Redeclaring math symbol \T2Amath\CYRSCHWA on input line 222
.
LaTeX Font Info:    Redeclaring math symbol \T2Amath\cyrschwa on input line 223
.
LaTeX Font Info:    Redeclaring math symbol \T2Amath\CYRNJE on input line 224.
LaTeX Font Info:    Redeclaring math symbol \T2Amath\cyrnje on input line 225.
LaTeX Font Info:    Redeclaring math symbol \T2Amath\CYRYO on input line 226.
LaTeX Font Info:    Redeclaring math symbol \T2Amath\cyryo on input line 227.
LaTeX Font Info:    Redeclaring math symbol \T2Amath\CYRII on input line 228.
LaTeX Font Info:    Redeclaring math symbol \T2Amath\cyrii on input line 229.
LaTeX Font Info:    Redeclaring math symbol \T2Amath\CYRJE on input line 230.
LaTeX Font Info:    Redeclaring math symbol \T2Amath\cyrje on input line 231.
LaTeX Font Info:    Redeclaring math symbol \T2Amath\CYRQ on input line 232.
LaTeX Font Info:    Redeclaring math symbol \T2Amath\cyrq on input line 233.
LaTeX Font Info:    Redeclaring math symbol \T2Amath\CYRW on input line 234.
LaTeX Font Info:    Redeclaring math symbol \T2Amath\cyrw on input line 235.
))
(/usr/share/texlive/texmf-dist/tex/latex/base/inputenc.sty
Package: inputenc 2015/03/17 v1.2c Input encoding file
\inpenc@prehook=\toks28
\inpenc@posthook=\toks29


Package inputenc Warning: inputenc package ignored with utf8 based engines.

) (/usr/share/texlive/texmf-dist/tex/generic/babel/babel.sty
Package: babel 2018/02/14 3.18 The Babel package

(/usr/share/texlive/texmf-dist/tex/generic/babel/switch.def
File: switch.def 2018/02/14 3.18 Babel switching mechanism
)
(/usr/share/texlive/texmf-dist/tex/generic/babel-english/english.ldf
Language: english 2017/06/06 v3.3r English support from the babel system

(/usr/share/texlive/texmf-dist/tex/generic/babel/babel.def
File: babel.def 2018/02/14 3.18 Babel common definitions
\babel@savecnt=\count106
\U@D=\dimen118

(/usr/share/texlive/texmf-dist/tex/generic/babel/xebabel.def
(/usr/share/texlive/texmf-dist/tex/generic/babel/txtbabel.def))
\bbl@dirlevel=\count107
)
\l@canadian = a dialect from \language\l@american 
\l@australian = a dialect from \language\l@british 
\l@newzealand = a dialect from \language\l@british 
)
(/usr/share/texlive/texmf-dist/tex/generic/babel-russian/russianb.ldf
Language: russian 2017/08/12 1.3j Russian support for the Babel system
Package babel Info: Making " an active character on input line 120.
Package babel Info: Default for \cyrdash is provided on input line 157.
))
(/usr/share/texlive/texmf-dist/tex/latex/lineno/lineno.sty
Package: lineno 2005/11/02 line numbers on paragraphs v4.41
Invalid UTF-8 byte or sequence at line 296 replaced by U+FFFD.
\linenopenalty=\count108
\output=\toks30
\linenoprevgraf=\count109
\linenumbersep=\dimen119
\linenumberwidth=\dimen120
\c@linenumber=\count110
\c@pagewiselinenumber=\count111
\c@LN@truepage=\count112
\c@internallinenumber=\count113
\c@internallinenumbers=\count114
\quotelinenumbersep=\dimen121
\bframerule=\dimen122
\bframesep=\dimen123
\bframebox=\box32
LaTeX Info: Redefining \\ on input line 3056.
)
(/usr/share/texlive/texmf-dist/tex/latex/hyperref/hyperref.sty
Package: hyperref 2018/02/06 v6.86b Hypertext links for LaTeX

(/usr/share/texlive/texmf-dist/tex/generic/oberdiek/hobsub-hyperref.sty
Package: hobsub-hyperref 2016/05/16 v1.14 Bundle oberdiek, subset hyperref (HO)


(/usr/share/texlive/texmf-dist/tex/generic/oberdiek/hobsub-generic.sty
Package: hobsub-generic 2016/05/16 v1.14 Bundle oberdiek, subset generic (HO)
Package: hobsub 2016/05/16 v1.14 Construct package bundles (HO)
Package: infwarerr 2016/05/16 v1.4 Providing info/warning/error messages (HO)
Package: ltxcmds 2016/05/16 v1.23 LaTeX kernel commands for general use (HO)
Package: ifluatex 2016/05/16 v1.4 Provides the ifluatex switch (HO)
Package ifluatex Info: LuaTeX not detected.
Package: ifvtex 2016/05/16 v1.6 Detect VTeX and its facilities (HO)
Package ifvtex Info: VTeX not detected.
Package: intcalc 2016/05/16 v1.2 Expandable calculations with integers (HO)
Package: ifpdf 2017/03/15 v3.2 Provides the ifpdf switch
Package: etexcmds 2016/05/16 v1.6 Avoid name clashes with e-TeX commands (HO)
Package etexcmds Info: Could not find \expanded.
(etexcmds)             That can mean that you are not using pdfTeX 1.50 or
(etexcmds)             that some package has redefined \expanded.
(etexcmds)             In the latter case, load this package earlier.
Package: kvsetkeys 2016/05/16 v1.17 Key value parser (HO)
Package: kvdefinekeys 2016/05/16 v1.4 Define keys (HO)
Package: pdftexcmds 2018/01/21 v0.26 Utility functions of pdfTeX for LuaTeX (HO
)
Package pdftexcmds Info: LuaTeX not detected.
Package pdftexcmds Info: pdfTeX >= 1.30 not detected.
Package pdftexcmds Info: \pdf@primitive is available.
Package pdftexcmds Info: \pdf@ifprimitive is available.
Package pdftexcmds Info: \pdfdraftmode not found.
Package: pdfescape 2016/05/16 v1.14 Implements pdfTeX's escape features (HO)
Package: bigintcalc 2016/05/16 v1.4 Expandable calculations on big integers (HO
)
Package: bitset 2016/05/16 v1.2 Handle bit-vector datatype (HO)
Package: uniquecounter 2016/05/16 v1.3 Provide unlimited unique counter (HO)
)
Package hobsub Info: Skipping package `hobsub' (already loaded).
Package: letltxmacro 2016/05/16 v1.5 Let assignment for LaTeX macros (HO)
Package: hopatch 2016/05/16 v1.3 Wrapper for package hooks (HO)
Package: xcolor-patch 2016/05/16 xcolor patch
Package: atveryend 2016/05/16 v1.9 Hooks at the very end of document (HO)
Package atveryend Info: \enddocument detected (standard20110627).
Package: atbegshi 2016/06/09 v1.18 At begin shipout hook (HO)
Package: refcount 2016/05/16 v3.5 Data extraction from label references (HO)
Package: hycolor 2016/05/16 v1.8 Color options for hyperref/bookmark (HO)
)
(/usr/share/texlive/texmf-dist/tex/generic/ifxetex/ifxetex.sty
Package: ifxetex 2010/09/12 v0.6 Provides ifxetex conditional
)
(/usr/share/texlive/texmf-dist/tex/latex/oberdiek/auxhook.sty
Package: auxhook 2016/05/16 v1.4 Hooks for auxiliary files (HO)
)
(/usr/share/texlive/texmf-dist/tex/latex/oberdiek/kvoptions.sty
Package: kvoptions 2016/05/16 v3.12 Key value format for package options (HO)
)
\@linkdim=\dimen124
\Hy@linkcounter=\count115
\Hy@pagecounter=\count116

(/usr/share/texlive/texmf-dist/tex/latex/hyperref/pd1enc.def
File: pd1enc.def 2018/02/06 v6.86b Hyperref: PDFDocEncoding definition (HO)
\symPD1letters=\mathgroup8
)
\Hy@SavedSpaceFactor=\count117
Package hyperref Info: Option `unicode' set `true' on input line 3456.

(/usr/share/texlive/texmf-dist/tex/latex/hyperref/puenc.def
File: puenc.def 2018/02/06 v6.86b Hyperref: PDF Unicode definition (HO)
\symPUletters=\mathgroup9
)
(/usr/share/texlive/texmf-dist/tex/latex/latexconfig/hyperref.cfg
File: hyperref.cfg 2002/06/06 v1.2 hyperref configuration of TeXLive
)
Package hyperref Info: Hyper figures OFF on input line 4509.
Package hyperref Info: Link nesting OFF on input line 4514.
Package hyperref Info: Hyper index ON on input line 4517.
Package hyperref Info: Plain pages OFF on input line 4524.
Package hyperref Info: Backreferencing OFF on input line 4529.
Package hyperref Info: Implicit mode ON; LaTeX internals redefined.
Package hyperref Info: Bookmarks ON on input line 4762.
\c@Hy@tempcnt=\count118

(/usr/share/texlive/texmf-dist/tex/latex/url/url.sty
\Urlmuskip=\muskip11
Package: url 2013/09/16  ver 3.4  Verb mode for urls, etc.
)
LaTeX Info: Redefining \url on input line 5115.
\XeTeXLinkMargin=\dimen125
\Fld@menulength=\count119
\Field@Width=\dimen126
\Fld@charsize=\dimen127
Package hyperref Info: Hyper figures OFF on input line 6369.
Package hyperref Info: Link nesting OFF on input line 6374.
Package hyperref Info: Hyper index ON on input line 6377.
Package hyperref Info: backreferencing OFF on input line 6384.
Package hyperref Info: Link coloring OFF on input line 6389.
Package hyperref Info: Link coloring with OCG OFF on input line 6394.
Package hyperref Info: PDF/A mode OFF on input line 6399.
LaTeX Info: Redefining \ref on input line 6439.
LaTeX Info: Redefining \pageref on input line 6443.
\Hy@abspage=\count120
\c@Item=\count121
\c@Hfootnote=\count122
)
Package hyperref Info: Driver (autodetected): hxetex.

(/usr/share/texlive/texmf-dist/tex/latex/hyperref/hxetex.def
File: hxetex.def 2018/02/06 v6.86b Hyperref driver for XeTeX

(/usr/share/texlive/texmf-dist/tex/generic/oberdiek/stringenc.sty
Package: stringenc 2016/05/16 v1.11 Convert strings between diff. encodings (HO
)
)
\pdfm@box=\box33
\c@Hy@AnnotLevel=\count123
\HyField@AnnotCount=\count124
\Fld@listcount=\count125
\c@bookmark@seq@number=\count126

(/usr/share/texlive/texmf-dist/tex/latex/oberdiek/rerunfilecheck.sty
Package: rerunfilecheck 2016/05/16 v1.8 Rerun checks for auxiliary files (HO)
Package rerunfilecheck Info: Feature \pdfmdfivesum is not available
(rerunfilecheck)             (e.g. pdfTeX or LuaTeX with package `pdftexcmds').

(rerunfilecheck)             Therefore file contents cannot be checked efficien
tly
(rerunfilecheck)             and the loading of the package is aborted.
)
\Hy@SectionHShift=\skip53
)
(./elsarticle-template.aux)
\openout1 = `elsarticle-template.aux'.

LaTeX Font Info:    Checking defaults for OML/cmm/m/it on input line 45.
LaTeX Font Info:    ... okay on input line 45.
LaTeX Font Info:    Checking defaults for T1/cmr/m/n on input line 45.
LaTeX Font Info:    ... okay on input line 45.
LaTeX Font Info:    Checking defaults for OT1/cmr/m/n on input line 45.
LaTeX Font Info:    ... okay on input line 45.
LaTeX Font Info:    Checking defaults for OMS/cmsy/m/n on input line 45.
LaTeX Font Info:    ... okay on input line 45.
LaTeX Font Info:    Checking defaults for TU/lmr/m/n on input line 45.
LaTeX Font Info:    ... okay on input line 45.
LaTeX Font Info:    Checking defaults for OMX/cmex/m/n on input line 45.
LaTeX Font Info:    ... okay on input line 45.
LaTeX Font Info:    Checking defaults for U/cmr/m/n on input line 45.
LaTeX Font Info:    ... okay on input line 45.
LaTeX Font Info:    Checking defaults for T2A/cmr/m/n on input line 45.
LaTeX Font Info:    ... okay on input line 45.
LaTeX Font Info:    Checking defaults for PD1/pdf/m/n on input line 45.
LaTeX Font Info:    ... okay on input line 45.
LaTeX Font Info:    Checking defaults for PU/pdf/m/n on input line 45.
LaTeX Font Info:    ... okay on input line 45.
\AtBeginShipoutBox=\box34
Package hyperref Info: Link coloring OFF on input line 45.

(/usr/share/texlive/texmf-dist/tex/latex/hyperref/nameref.sty
Package: nameref 2016/05/21 v2.44 Cross-referencing by name of section

(/usr/share/texlive/texmf-dist/tex/generic/oberdiek/gettitlestring.sty
Package: gettitlestring 2016/05/16 v1.5 Cleanup title references (HO)
)
\c@section@level=\count127
)
LaTeX Info: Redefining \ref on input line 45.
LaTeX Info: Redefining \pageref on input line 45.
LaTeX Info: Redefining \nameref on input line 45.

(./elsarticle-template.out) (./elsarticle-template.out)
\@outlinefile=\write4
\openout4 = `elsarticle-template.out'.



LaTeX Font Warning: Font shape `T2A/lmr/bx/n' undefined
(Font)              using `T2A/lmr/m/n' instead on input line 68.

Missing character: There is no П in font larm1000!
Missing character: There is no р in font larm1000!
Missing character: There is no и in font larm1000!
Missing character: There is no в in font larm1000!
Missing character: There is no е in font larm1000!
Missing character: There is no т in font larm1000!

LaTeX Font Warning: Font shape `T2A/lmr/m/it' undefined
(Font)              using `T2A/lmr/m/n' instead on input line 72.

LaTeX Font Info:    Try loading font information for T2A+lmtt on input line 73.

LaTeX Font Info:    No file T2Almtt.fd. on input line 73.

LaTeX Font Warning: Font shape `T2A/lmtt/m/n' undefined
(Font)              using `T2A/cmr/m/n' instead on input line 73.

LaTeX Font Info:    Try loading font information for U+msa on input line 73.
(/usr/share/texlive/texmf-dist/tex/latex/amsfonts/umsa.fd
File: umsa.fd 2013/01/14 v3.01 AMS symbols A
)
LaTeX Font Info:    Try loading font information for U+msb on input line 73.

(/usr/share/texlive/texmf-dist/tex/latex/amsfonts/umsb.fd
File: umsb.fd 2013/01/14 v3.01 AMS symbols B
)
LaTeX Font Info:    Try loading font information for T1+lmr on input line 73.

(/usr/share/texmf/tex/latex/lm/t1lmr.fd
File: t1lmr.fd 2009/10/30 v1.6 Font defs for Latin Modern
)
LaTeX Font Info:    Try loading font information for PD1+lmr on input line 73.
LaTeX Font Info:    No file PD1lmr.fd. on input line 73.


LaTeX Font Warning: Font shape `PD1/lmr/m/n' undefined
(Font)              using `PD1/pdf/m/n' instead on input line 73.

LaTeX Font Info:    Try loading font information for PU+lmr on input line 73.
LaTeX Font Info:    No file PUlmr.fd. on input line 73.

LaTeX Font Warning: Font shape `PU/lmr/m/n' undefined
(Font)              using `PU/pdf/m/n' instead on input line 73.

LaTeX Font Info:    Try loading font information for T2A+lmss on input line 81.

LaTeX Font Info:    No file T2Almss.fd. on input line 81.

LaTeX Font Warning: Font shape `T2A/lmss/m/n' undefined
(Font)              using `T2A/cmr/m/n' instead on input line 81.

Package babel Info: Redefining russian shorthand "|
(babel)             in language  on input line 81.
Package babel Info: Redefining russian shorthand "~
(babel)             in language  on input line 81.
Missing character: There is no В in font larm1000!
Missing character: There is no с in font larm1000!
Missing character: There is no т in font larm1000!
Missing character: There is no у in font larm1000!
Missing character: There is no п in font larm1000!
Missing character: There is no л in font larm1000!
Missing character: There is no е in font larm1000!
Missing character: There is no н in font larm1000!
Missing character: There is no и in font larm1000!
Missing character: There is no е in font larm1000!
Package babel Info: Redefining russian shorthand "|
(babel)             in language  on input line 86.
Package babel Info: Redefining russian shorthand "~
(babel)             in language  on input line 86.
Missing character: There is no В in font larm1000!
Missing character: There is no д in font larm1000!
Missing character: There is no а in font larm1000!
Missing character: There is no н in font larm1000!
Missing character: There is no н in font larm1000!
Missing character: There is no о in font larm1000!
Missing character: There is no й in font larm1000!
Missing character: There is no р in font larm1000!
Missing character: There is no а in font larm1000!
Missing character: There is no б in font larm1000!
Missing character: There is no о in font larm1000!
Missing character: There is no т in font larm1000!
Missing character: There is no е in font larm1000!
Missing character: There is no с in font larm1000!
Missing character: There is no т in font larm1000!
Missing character: There is no а in font larm1000!
Missing character: There is no в in font larm1000!
Missing character: There is no и in font larm1000!
Missing character: There is no т in font larm1000!
Missing character: There is no с in font larm1000!
Missing character: There is no я in font larm1000!
Missing character: There is no ц in font larm1000!
Missing character: There is no е in font larm1000!
Missing character: There is no л in font larm1000!
Missing character: There is no ь in font larm1000!
Missing character: There is no п in font larm1000!
Missing character: There is no р in font larm1000!
Missing character: There is no о in font larm1000!
Missing character: There is no а in font larm1000!
Missing character: There is no н in font larm1000!
Missing character: There is no а in font larm1000!
Missing character: There is no л in font larm1000!
Missing character: There is no и in font larm1000!
Missing character: There is no з in font larm1000!
Missing character: There is no и in font larm1000!
Missing character: There is no р in font larm1000!
Missing character: There is no о in font larm1000!
Missing character: There is no в in font larm1000!
Missing character: There is no а in font larm1000!
Missing character: There is no т in font larm1000!
Missing character: There is no ь in font larm1000!
Missing character: There is no с in font larm1000!
Missing character: There is no у in font larm1000!
Missing character: There is no щ in font larm1000!
Missing character: There is no е in font larm1000!
Missing character: There is no с in font larm1000!
Missing character: There is no т in font larm1000!
Missing character: There is no в in font larm1000!
Missing character: There is no у in font larm1000!
Missing character: There is no ю in font larm1000!
Missing character: There is no щ in font larm1000!
Missing character: There is no и in font larm1000!
Missing character: There is no е in font larm1000!
Missing character: There is no м in font larm1000!
Missing character: There is no е in font larm1000!
Missing character: There is no т in font larm1000!
Missing character: There is no о in font larm1000!
Missing character: There is no д in font larm1000!
Missing character: There is no ы in font larm1000!
Missing character: There is no м in font larm1000!
Missing character: There is no е in font larm1000!
Missing character: There is no т in font larm1000!
Missing character: There is no о in font larm1000!
Missing character: There is no д in font larm1000!
Missing character: There is no о in font larm1000!
Missing character: There is no л in font larm1000!
Missing character: There is no о in font larm1000!
Missing character: There is no г in font larm1000!
Missing character: There is no и in font larm1000!
Missing character: There is no и in font larm1000!
Missing character: There is no и in font larm1000!
Missing character: There is no п in font larm1000!
Missing character: There is no р in font larm1000!
Missing character: There is no и in font larm1000!
Missing character: There is no н in font larm1000!
Missing character: There is no ц in font larm1000!
Missing character: There is no и in font larm1000!
Missing character: There is no п in font larm1000!
Missing character: There is no ы in font larm1000!
Missing character: There is no п in font larm1000!
Missing character: There is no р in font larm1000!
Missing character: There is no о in font larm1000!
Missing character: There is no е in font larm1000!
Missing character: There is no к in font larm1000!
Missing character: There is no т in font larm1000!
Missing character: There is no и in font larm1000!
Missing character: There is no р in font larm1000!
Missing character: There is no о in font larm1000!
Missing character: There is no в in font larm1000!
Missing character: There is no а in font larm1000!
Missing character: There is no н in font larm1000!
Missing character: There is no и in font larm1000!
Missing character: There is no я in font larm1000!
Missing character: There is no и in font larm1000!
Missing character: There is no н in font larm1000!
Missing character: There is no а in font larm1000!
Missing character: There is no о in font larm1000!
Missing character: There is no с in font larm1000!
Missing character: There is no н in font larm1000!
Missing character: There is no о in font larm1000!
Missing character: There is no в in font larm1000!
Missing character: There is no е in font larm1000!
Missing character: There is no э in font larm1000!
Missing character: There is no т in font larm1000!
Missing character: There is no о in font larm1000!
Missing character: There is no г in font larm1000!
Missing character: There is no о in font larm1000!
Missing character: There is no а in font larm1000!
Missing character: There is no н in font larm1000!
Missing character: There is no а in font larm1000!
Missing character: There is no л in font larm1000!
Missing character: There is no и in font larm1000!
Missing character: There is no з in font larm1000!
Missing character: There is no а in font larm1000!
Missing character: There is no с in font larm1000!
Missing character: There is no и in font larm1000!
Missing character: There is no н in font larm1000!
Missing character: There is no т in font larm1000!
Missing character: There is no е in font larm1000!
Missing character: There is no з in font larm1000!
Missing character: There is no и in font larm1000!
Missing character: There is no р in font larm1000!
Missing character: There is no о in font larm1000!
Missing character: There is no в in font larm1000!
Missing character: There is no а in font larm1000!
Missing character: There is no т in font larm1000!
Missing character: There is no ь in font larm1000!
Missing character: There is no н in font larm1000!
Missing character: There is no о in font larm1000!
Missing character: There is no в in font larm1000!
Missing character: There is no у in font larm1000!
Missing character: There is no ю in font larm1000!
Missing character: There is no м in font larm1000!
Missing character: There is no о in font larm1000!
Missing character: There is no д in font larm1000!
Missing character: There is no е in font larm1000!
Missing character: There is no л in font larm1000!
Missing character: There is no ь in font larm1000!
Missing character: There is no д in font larm1000!
Missing character: There is no л in font larm1000!
Missing character: There is no я in font larm1000!
Missing character: There is no р in font larm1000!
Missing character: There is no а in font larm1000!
Missing character: There is no з in font larm1000!
Missing character: There is no р in font larm1000!
Missing character: There is no а in font larm1000!
Missing character: There is no б in font larm1000!
Missing character: There is no о in font larm1000!
Missing character: There is no т in font larm1000!
Missing character: There is no к in font larm1000!
Missing character: There is no и in font larm1000!
Missing character: There is no и in font larm1000!
Missing character: There is no н in font larm1000!
Missing character: There is no т in font larm1000!
Missing character: There is no е in font larm1000!
Missing character: There is no л in font larm1000!
Missing character: There is no л in font larm1000!
Missing character: There is no е in font larm1000!
Missing character: There is no к in font larm1000!
Missing character: There is no т in font larm1000!
Missing character: There is no у in font larm1000!
Missing character: There is no а in font larm1000!
Missing character: There is no л in font larm1000!
Missing character: There is no ь in font larm1000!
Missing character: There is no н in font larm1000!
Missing character: There is no о in font larm1000!
Missing character: There is no й in font larm1000!
Missing character: There is no с in font larm1000!
Missing character: There is no и in font larm1000!
Missing character: There is no с in font larm1000!
Missing character: There is no т in font larm1000!
Missing character: There is no е in font larm1000!
Missing character: There is no м in font larm1000!
Missing character: There is no ы in font larm1000!
Missing character: There is no д in font larm1000!
Missing character: There is no л in font larm1000!
Missing character: There is no я in font larm1000!
Missing character: There is no п in font larm1000!
Missing character: There is no р in font larm1000!
Missing character: There is no о in font larm1000!
Missing character: There is no е in font larm1000!
Missing character: There is no к in font larm1000!
Missing character: There is no т in font larm1000!
Missing character: There is no и in font larm1000!
Missing character: There is no р in font larm1000!
Missing character: There is no о in font larm1000!
Missing character: There is no в in font larm1000!
Missing character: There is no а in font larm1000!
Missing character: There is no н in font larm1000!
Missing character: There is no и in font larm1000!
Missing character: There is no я in font larm1000!
Missing character: There is no т in font larm1000!
Missing character: There is no е in font larm1000!
Missing character: There is no х in font larm1000!
Missing character: There is no н in font larm1000!
Missing character: There is no и in font larm1000!
Missing character: There is no ч in font larm1000!
Missing character: There is no е in font larm1000!
Missing character: There is no с in font larm1000!
Missing character: There is no к in font larm1000!
Missing character: There is no о in font larm1000!
Missing character: There is no г in font larm1000!
Missing character: There is no о in font larm1000!
Missing character: There is no л in font larm1000!
Missing character: There is no и in font larm1000!
Missing character: There is no н in font larm1000!
Missing character: There is no г in font larm1000!
Missing character: There is no в in font larm1000!
Missing character: There is no и in font larm1000!
Missing character: There is no с in font larm1000!
Missing character: There is no т in font larm1000!
Missing character: There is no и in font larm1000!
Missing character: There is no ч in font larm1000!
Missing character: There is no е in font larm1000!
Missing character: There is no с in font larm1000!
Missing character: There is no к in font larm1000!
Missing character: There is no о in font larm1000!
Missing character: There is no г in font larm1000!
Missing character: There is no о in font larm1000!
Missing character: There is no п in font larm1000!
Missing character: There is no р in font larm1000!
Missing character: There is no о in font larm1000!
Missing character: There is no г in font larm1000!
Missing character: There is no р in font larm1000!
Missing character: There is no а in font larm1000!
Missing character: There is no м in font larm1000!
Missing character: There is no м in font larm1000!
Missing character: There is no н in font larm1000!
Missing character: There is no о in font larm1000!
Missing character: There is no г in font larm1000!
Missing character: There is no о in font larm1000!
Missing character: There is no о in font larm1000!
Missing character: There is no б in font larm1000!
Missing character: There is no е in font larm1000!
Missing character: There is no с in font larm1000!
Missing character: There is no п in font larm1000!
Missing character: There is no е in font larm1000!
Missing character: There is no ч in font larm1000!
Missing character: There is no е in font larm1000!
Missing character: There is no н in font larm1000!
Missing character: There is no и in font larm1000!
Missing character: There is no я in font larm1000!
Missing character: There is no в in font larm1000!
Missing character: There is no о in font larm1000!
Missing character: There is no б in font larm1000!
Missing character: There is no л in font larm1000!
Missing character: There is no а in font larm1000!
Missing character: There is no с in font larm1000!
Missing character: There is no т in font larm1000!
Missing character: There is no и in font larm1000!
Missing character: There is no а in font larm1000!
Missing character: There is no в in font larm1000!
Missing character: There is no т in font larm1000!
Missing character: There is no о in font larm1000!
Missing character: There is no м in font larm1000!
Missing character: There is no а in font larm1000!
Missing character: There is no т in font larm1000!
Missing character: There is no и in font larm1000!
Missing character: There is no з in font larm1000!
Missing character: There is no а in font larm1000!
Missing character: There is no ц in font larm1000!
Missing character: There is no и in font larm1000!
Missing character: There is no и in font larm1000!
Missing character: There is no с in font larm1000!
Missing character: There is no и in font larm1000!
Missing character: There is no с in font larm1000!
Missing character: There is no т in font larm1000!
Missing character: There is no е in font larm1000!
Missing character: There is no м in font larm1000!
Missing character: There is no у in font larm1000!
Missing character: There is no п in font larm1000!
Missing character: There is no р in font larm1000!
Missing character: There is no а in font larm1000!
Missing character: There is no в in font larm1000!
Missing character: There is no л in font larm1000!
Missing character: There is no е in font larm1000!
Missing character: There is no н in font larm1000!
Missing character: There is no и in font larm1000!
Missing character: There is no я in font larm1000!
Missing character: There is no О in font larm1000!
Missing character: There is no б in font larm1000!
Missing character: There is no ъ in font larm1000!
Missing character: There is no е in font larm1000!
Missing character: There is no к in font larm1000!
Missing character: There is no т in font larm1000!
Missing character: There is no о in font larm1000!
Missing character: There is no м in font larm1000!
Missing character: There is no и in font larm1000!
Missing character: There is no с in font larm1000!
Missing character: There is no с in font larm1000!
Missing character: There is no л in font larm1000!
Missing character: There is no е in font larm1000!
Missing character: There is no д in font larm1000!
Missing character: There is no о in font larm1000!
Missing character: There is no в in font larm1000!
Missing character: There is no а in font larm1000!
Missing character: There is no н in font larm1000!
Missing character: There is no и in font larm1000!
Missing character: There is no я in font larm1000!
Missing character: There is no п in font larm1000!
Missing character: There is no р in font larm1000!
Missing character: There is no о in font larm1000!
Missing character: There is no ц in font larm1000!
Missing character: There is no е in font larm1000!
Missing character: There is no с in font larm1000!
Missing character: There is no с in font larm1000!
Missing character: There is no п in font larm1000!
Missing character: There is no р in font larm1000!
Missing character: There is no о in font larm1000!
Missing character: There is no е in font larm1000!
Missing character: There is no к in font larm1000!
Missing character: There is no т in font larm1000!
Missing character: There is no и in font larm1000!
Missing character: There is no р in font larm1000!
Missing character: There is no о in font larm1000!
Missing character: There is no в in font larm1000!
Missing character: There is no а in font larm1000!
Missing character: There is no н in font larm1000!
Missing character: There is no и in font larm1000!
Missing character: There is no я in font larm1000!
Missing character: There is no п in font larm1000!
Missing character: There is no р in font larm1000!
Missing character: There is no о in font larm1000!
Missing character: There is no г in font larm1000!
Missing character: There is no р in font larm1000!
Missing character: There is no а in font larm1000!
Missing character: There is no м in font larm1000!
Missing character: There is no м in font larm1000!
Missing character: There is no н in font larm1000!
Missing character: There is no о in font larm1000!
Missing character: There is no г in font larm1000!
Missing character: There is no о in font larm1000!
Missing character: There is no о in font larm1000!
Missing character: There is no б in font larm1000!
Missing character: There is no е in font larm1000!
Missing character: There is no с in font larm1000!
Missing character: There is no п in font larm1000!
Missing character: There is no е in font larm1000!
Missing character: There is no ч in font larm1000!
Missing character: There is no е in font larm1000!
Missing character: There is no н in font larm1000!
Missing character: There is no и in font larm1000!
Missing character: There is no я in font larm1000!
Missing character: There is no д in font larm1000!
Missing character: There is no л in font larm1000!
Missing character: There is no я in font larm1000!
Missing character: There is no а in font larm1000!
Missing character: There is no в in font larm1000!
Missing character: There is no т in font larm1000!
Missing character: There is no о in font larm1000!
Missing character: There is no м in font larm1000!
Missing character: There is no а in font larm1000!
Missing character: There is no т in font larm1000!
Missing character: There is no и in font larm1000!
Missing character: There is no з in font larm1000!
Missing character: There is no а in font larm1000!
Missing character: There is no ц in font larm1000!
Missing character: There is no и in font larm1000!
Missing character: There is no и in font larm1000!
Missing character: There is no т in font larm1000!
Missing character: There is no е in font larm1000!
Missing character: There is no х in font larm1000!
Missing character: There is no н in font larm1000!
Missing character: There is no о in font larm1000!
Missing character: There is no л in font larm1000!
Missing character: There is no о in font larm1000!
Missing character: There is no г in font larm1000!
Missing character: There is no и in font larm1000!
Missing character: There is no ч in font larm1000!
Missing character: There is no е in font larm1000!
Missing character: There is no с in font larm1000!
Missing character: There is no к in font larm1000!
Missing character: There is no и in font larm1000!
Missing character: There is no х in font larm1000!
Missing character: There is no с in font larm1000!
Missing character: There is no и in font larm1000!
Missing character: There is no с in font larm1000!
Missing character: There is no т in font larm1000!
Missing character: There is no е in font larm1000!
Missing character: There is no м in font larm1000!
Missing character: There is no п in font larm1000!
Missing character: There is no о in font larm1000!
Missing character: There is no т in font larm1000!
Missing character: There is no и in font larm1000!
Missing character: There is no п in font larm1000!
Missing character: There is no у in font larm1000!
Missing character: There is no т in font larm1000!
Missing character: There is no р in font larm1000!
Missing character: There is no а in font larm1000!
Missing character: There is no н in font larm1000!
Missing character: There is no з in font larm1000!
Missing character: There is no а in font larm1000!
Missing character: There is no к in font larm1000!
Missing character: There is no ц in font larm1000!
Missing character: There is no и in font larm1000!
Missing character: There is no о in font larm1000!
Missing character: There is no н in font larm1000!
Missing character: There is no н in font larm1000!
Missing character: There is no о in font larm1000!
Missing character: There is no й in font larm1000!
Missing character: There is no о in font larm1000!
Missing character: There is no б in font larm1000!
Missing character: There is no р in font larm1000!
Missing character: There is no а in font larm1000!
Missing character: There is no б in font larm1000!
Missing character: There is no о in font larm1000!
Missing character: There is no т in font larm1000!
Missing character: There is no к in font larm1000!
Missing character: There is no и in font larm1000!
Missing character: There is no д in font larm1000!
Missing character: There is no а in font larm1000!
Missing character: There is no н in font larm1000!
Missing character: There is no н in font larm1000!
Missing character: There is no ы in font larm1000!
Missing character: There is no х in font larm1000!
Missing character: There is no п in font larm1000!
Missing character: There is no о in font larm1000!
Missing character: There is no т in font larm1000!
Missing character: There is no и in font larm1000!
Missing character: There is no п in font larm1000!
Missing character: There is no у in font larm1000!
Missing character: There is no п in font larm1000!
Missing character: There is no р in font larm1000!
Missing character: There is no е in font larm1000!
Missing character: There is no д in font larm1000!
Missing character: There is no о in font larm1000!
Missing character: There is no с in font larm1000!
Missing character: There is no т in font larm1000!
Missing character: There is no а in font larm1000!
Missing character: There is no в in font larm1000!
Missing character: There is no л in font larm1000!
Missing character: There is no е in font larm1000!
Missing character: There is no н in font larm1000!
Missing character: There is no и in font larm1000!
Missing character: There is no я in font larm1000!
Missing character: There is no д in font larm1000!
Missing character: There is no о in font larm1000!
Missing character: There is no с in font larm1000!
Missing character: There is no т in font larm1000!
Missing character: There is no у in font larm1000!
Missing character: There is no п in font larm1000!
Missing character: There is no а in font larm1000!
Missing character: There is no П in font larm1000!
Missing character: There is no р in font larm1000!
Missing character: There is no е in font larm1000!
Missing character: There is no д in font larm1000!
Missing character: There is no м in font larm1000!
Missing character: There is no е in font larm1000!
Missing character: There is no т in font larm1000!
Missing character: There is no и in font larm1000!
Missing character: There is no с in font larm1000!
Missing character: There is no с in font larm1000!
Missing character: There is no л in font larm1000!
Missing character: There is no е in font larm1000!
Missing character: There is no д in font larm1000!
Missing character: There is no о in font larm1000!
Missing character: There is no в in font larm1000!
Missing character: There is no а in font larm1000!
Missing character: There is no н in font larm1000!
Missing character: There is no и in font larm1000!
Missing character: There is no я in font larm1000!
Missing character: There is no м in font larm1000!
Missing character: There is no е in font larm1000!
Missing character: There is no т in font larm1000!
Missing character: There is no о in font larm1000!
Missing character: There is no д in font larm1000!
Missing character: There is no ы in font larm1000!
Missing character: There is no с in font larm1000!
Missing character: There is no о in font larm1000!
Missing character: There is no з in font larm1000!
Missing character: There is no д in font larm1000!
Missing character: There is no а in font larm1000!
Missing character: There is no н in font larm1000!
Missing character: There is no и in font larm1000!
Missing character: There is no я in font larm1000!
Missing character: There is no э in font larm1000!
Missing character: There is no ф in font larm1000!
Missing character: There is no ф in font larm1000!
Missing character: There is no е in font larm1000!
Missing character: There is no к in font larm1000!
Missing character: There is no т in font larm1000!
Missing character: There is no и in font larm1000!
Missing character: There is no в in font larm1000!
Missing character: There is no н in font larm1000!
Missing character: There is no о in font larm1000!
Missing character: There is no й in font larm1000!
Missing character: There is no о in font larm1000!
Missing character: There is no р in font larm1000!
Missing character: There is no г in font larm1000!
Missing character: There is no а in font larm1000!
Missing character: There is no н in font larm1000!
Missing character: There is no и in font larm1000!
Missing character: There is no з in font larm1000!
Missing character: There is no а in font larm1000!
Missing character: There is no ц in font larm1000!
Missing character: There is no и in font larm1000!
Missing character: There is no и in font larm1000!
Missing character: There is no и in font larm1000!
Missing character: There is no в in font larm1000!
Missing character: There is no е in font larm1000!
Missing character: There is no д in font larm1000!
Missing character: There is no е in font larm1000!
Missing character: There is no н in font larm1000!
Missing character: There is no и in font larm1000!
Missing character: There is no я in font larm1000!
Missing character: There is no с in font larm1000!
Missing character: There is no п in font larm1000!
Missing character: There is no е in font larm1000!
Missing character: There is no ц in font larm1000!
Missing character: There is no и in font larm1000!
Missing character: There is no а in font larm1000!
Missing character: There is no л in font larm1000!
Missing character: There is no и in font larm1000!
Missing character: There is no з in font larm1000!
Missing character: There is no и in font larm1000!
Missing character: There is no р in font larm1000!
Missing character: There is no о in font larm1000!
Missing character: There is no в in font larm1000!
Missing character: There is no а in font larm1000!
Missing character: There is no н in font larm1000!
Missing character: There is no н in font larm1000!
Missing character: There is no о in font larm1000!
Missing character: There is no г in font larm1000!
Missing character: There is no о in font larm1000!
Missing character: There is no и in font larm1000!
Missing character: There is no н in font larm1000!
Missing character: There is no ф in font larm1000!
Missing character: There is no о in font larm1000!
Missing character: There is no р in font larm1000!
Missing character: There is no м in font larm1000!
Missing character: There is no а in font larm1000!
Missing character: There is no ц in font larm1000!
Missing character: There is no и in font larm1000!
Missing character: There is no о in font larm1000!
Missing character: There is no н in font larm1000!
Missing character: There is no н in font larm1000!
Missing character: There is no о in font larm1000!
Missing character: There is no г in font larm1000!
Missing character: There is no о in font larm1000!
Missing character: There is no и in font larm1000!
Missing character: There is no п in font larm1000!
Missing character: There is no р in font larm1000!
Missing character: There is no о in font larm1000!
Missing character: There is no г in font larm1000!
Missing character: There is no р in font larm1000!
Missing character: There is no а in font larm1000!
Missing character: There is no м in font larm1000!
Missing character: There is no м in font larm1000!
Missing character: There is no н in font larm1000!
Missing character: There is no о in font larm1000!
Missing character: There is no г in font larm1000!
Missing character: There is no о in font larm1000!
Missing character: There is no о in font larm1000!
Missing character: There is no б in font larm1000!
Missing character: There is no е in font larm1000!
Missing character: There is no с in font larm1000!
Missing character: There is no п in font larm1000!
Missing character: There is no е in font larm1000!
Missing character: There is no ч in font larm1000!
Missing character: There is no е in font larm1000!
Missing character: There is no н in font larm1000!
Missing character: There is no и in font larm1000!
Missing character: There is no я in font larm1000!
Missing character: There is no А in font larm1000!
Missing character: There is no С in font larm1000!
Missing character: There is no У in font larm1000!
Missing character: There is no Т in font larm1000!
Missing character: There is no П in font larm1000!
Missing character: There is no с in font larm1000!
Missing character: There is no р in font larm1000!
Missing character: There is no е in font larm1000!
Missing character: There is no д in font larm1000!
Missing character: There is no с in font larm1000!
Missing character: There is no т in font larm1000!
Missing character: There is no в in font larm1000!
Missing character: There is no а in font larm1000!
Missing character: There is no и in font larm1000!
Missing character: There is no м in font larm1000!
Missing character: There is no е in font larm1000!
Missing character: There is no т in font larm1000!
Missing character: There is no о in font larm1000!
Missing character: There is no д in font larm1000!
Missing character: There is no ы in font larm1000!
Missing character: There is no п in font larm1000!
Missing character: There is no р in font larm1000!
Missing character: There is no о in font larm1000!
Missing character: There is no е in font larm1000!
Missing character: There is no к in font larm1000!
Missing character: There is no т in font larm1000!
Missing character: There is no и in font larm1000!
Missing character: There is no р in font larm1000!
Missing character: There is no о in font larm1000!
Missing character: There is no в in font larm1000!
Missing character: There is no а in font larm1000!
Missing character: There is no н in font larm1000!
Missing character: There is no и in font larm1000!
Missing character: There is no я in font larm1000!
Missing character: There is no и in font larm1000!
Missing character: There is no р in font larm1000!
Missing character: There is no а in font larm1000!
Missing character: There is no з in font larm1000!
Missing character: There is no р in font larm1000!
Missing character: There is no а in font larm1000!
Missing character: There is no б in font larm1000!
Missing character: There is no о in font larm1000!
Missing character: There is no т in font larm1000!
Missing character: There is no к in font larm1000!
Missing character: There is no и in font larm1000!
Missing character: There is no т in font larm1000!
Missing character: There is no е in font larm1000!
Missing character: There is no х in font larm1000!
Missing character: There is no н in font larm1000!
Missing character: There is no и in font larm1000!
Missing character: There is no ч in font larm1000!
Missing character: There is no е in font larm1000!
Missing character: There is no с in font larm1000!
Missing character: There is no к in font larm1000!
Missing character: There is no о in font larm1000!
Missing character: There is no г in font larm1000!
Missing character: There is no о in font larm1000!
Missing character: There is no м in font larm1000!
Missing character: There is no а in font larm1000!
Missing character: There is no т in font larm1000!
Missing character: There is no е in font larm1000!
Missing character: There is no м in font larm1000!
Missing character: There is no а in font larm1000!
Missing character: There is no т in font larm1000!
Missing character: There is no и in font larm1000!
Missing character: There is no ч in font larm1000!
Missing character: There is no е in font larm1000!
Missing character: There is no с in font larm1000!
Missing character: There is no к in font larm1000!
Missing character: There is no о in font larm1000!
Missing character: There is no г in font larm1000!
Missing character: There is no о in font larm1000!
Missing character: There is no л in font larm1000!
Missing character: There is no и in font larm1000!
Missing character: There is no н in font larm1000!
Missing character: There is no г in font larm1000!
Missing character: There is no в in font larm1000!
Missing character: There is no и in font larm1000!
Missing character: There is no с in font larm1000!
Missing character: There is no т in font larm1000!
Missing character: There is no и in font larm1000!
Missing character: There is no ч in font larm1000!
Missing character: There is no е in font larm1000!
Missing character: There is no с in font larm1000!
Missing character: There is no к in font larm1000!
Missing character: There is no о in font larm1000!
Missing character: There is no г in font larm1000!
Missing character: There is no о in font larm1000!
Missing character: There is no и in font larm1000!
Missing character: There is no д in font larm1000!
Missing character: There is no р in font larm1000!
Missing character: There is no у in font larm1000!
Missing character: There is no г in font larm1000!
Missing character: There is no и in font larm1000!
Missing character: There is no х in font larm1000!
Missing character: There is no в in font larm1000!
Missing character: There is no и in font larm1000!
Missing character: There is no д in font larm1000!
Missing character: There is no о in font larm1000!
Missing character: There is no в in font larm1000!
Missing character: There is no о in font larm1000!
Missing character: There is no б in font larm1000!
Missing character: There is no е in font larm1000!
Missing character: There is no с in font larm1000!
Missing character: There is no п in font larm1000!
Missing character: There is no е in font larm1000!
Missing character: There is no ч in font larm1000!
Missing character: There is no е in font larm1000!
Missing character: There is no н in font larm1000!
Missing character: There is no и in font larm1000!
Missing character: There is no я in font larm1000!
Missing character: There is no А in font larm1000!
Missing character: There is no С in font larm1000!
Missing character: There is no У in font larm1000!
Missing character: There is no И in font larm1000!
Missing character: There is no з in font larm1000!
Missing character: There is no у in font larm1000!
Missing character: There is no ч in font larm1000!
Missing character: There is no а in font larm1000!
Missing character: There is no е in font larm1000!
Missing character: There is no м in font larm1000!
Missing character: There is no а in font larm1000!
Missing character: There is no я in font larm1000!
Missing character: There is no с in font larm1000!
Missing character: There is no и in font larm1000!
Missing character: There is no с in font larm1000!
Missing character: There is no т in font larm1000!
Missing character: There is no е in font larm1000!
Missing character: There is no м in font larm1000!
Missing character: There is no а in font larm1000!
Missing character: There is no м in font larm1000!
Missing character: There is no о in font larm1000!
Missing character: There is no ж in font larm1000!
Missing character: There is no е in font larm1000!
Missing character: There is no т in font larm1000!
Missing character: There is no б in font larm1000!
Missing character: There is no ы in font larm1000!
Missing character: There is no т in font larm1000!
Missing character: There is no ь in font larm1000!
Missing character: There is no о in font larm1000!
Missing character: There is no п in font larm1000!
Missing character: There is no и in font larm1000!
Missing character: There is no с in font larm1000!
Missing character: There is no а in font larm1000!
Missing character: There is no н in font larm1000!
Missing character: There is no а in font larm1000!
Missing character: There is no в in font larm1000!
Missing character: There is no с in font larm1000!
Missing character: There is no л in font larm1000!
Missing character: There is no е in font larm1000!
Missing character: There is no д in font larm1000!
Missing character: There is no у in font larm1000!
Missing character: There is no ю in font larm1000!
Missing character: There is no щ in font larm1000!
Missing character: There is no е in font larm1000!
Missing character: There is no м in font larm1000!
Missing character: There is no в in font larm1000!
Missing character: There is no и in font larm1000!
Missing character: There is no д in font larm1000!
Missing character: There is no е in font larm1000!
LaTeX Font Info:    Try loading font information for OMS+lmr on input line 110.

(/usr/share/texmf/tex/latex/lm/omslmr.fd
File: omslmr.fd 2009/10/30 v1.6 Font defs for Latin Modern
)
LaTeX Font Info:    Try loading font information for OMS+lmsy on input line 110
.

(/usr/share/texmf/tex/latex/lm/omslmsy.fd
File: omslmsy.fd 2009/10/30 v1.6 Font defs for Latin Modern
)
LaTeX Font Info:    Font shape `OMS/lmr/m/n' in size <10> not available
(Font)              Font shape `OMS/lmsy/m/n' tried instead on input line 110.
Missing character: There is no г in font larm1000!
Missing character: There is no д in font larm1000!
Missing character: There is no е in font larm1000!
Missing character: There is no — in font larm1000!
Missing character: There is no м in font larm1000!
Missing character: There is no н in font larm1000!
Missing character: There is no о in font larm1000!
Missing character: There is no ж in font larm1000!
Missing character: There is no е in font larm1000!
Missing character: There is no с in font larm1000!
Missing character: There is no т in font larm1000!
Missing character: There is no в in font larm1000!
Missing character: There is no о in font larm1000!
Missing character: There is no п in font larm1000!
Missing character: There is no е in font larm1000!
Missing character: There is no р in font larm1000!
Missing character: There is no е in font larm1000!
Missing character: There is no м in font larm1000!
Missing character: There is no е in font larm1000!
Missing character: There is no н in font larm1000!
Missing character: There is no н in font larm1000!
Missing character: There is no ы in font larm1000!
Missing character: There is no х in font larm1000!
Missing character: There is no — in font larm1000!
Missing character: There is no м in font larm1000!
Missing character: There is no н in font larm1000!
Missing character: There is no о in font larm1000!
Missing character: There is no ж in font larm1000!
Missing character: There is no е in font larm1000!
Missing character: There is no с in font larm1000!
Missing character: There is no т in font larm1000!
Missing character: There is no в in font larm1000!
Missing character: There is no о in font larm1000!
Missing character: There is no п in font larm1000!
Missing character: There is no а in font larm1000!
Missing character: There is no р in font larm1000!
Missing character: There is no а in font larm1000!
Missing character: There is no м in font larm1000!
Missing character: There is no е in font larm1000!
Missing character: There is no т in font larm1000!
Missing character: There is no р in font larm1000!
Missing character: There is no о in font larm1000!
Missing character: There is no в in font larm1000!
Missing character: There is no и in font larm0800!
Missing character: There is no ю in font larm0800!
Missing character: There is no н in font larm0800!
Missing character: There is no я in font larm0800!
Missing character: There is no г in font larm0800!
Package babel Info: Redefining russian shorthand "|
(babel)             in language  on input line 112.
Package babel Info: Redefining russian shorthand "~
(babel)             in language  on input line 112.
Package babel Info: Redefining russian shorthand "|
(babel)             in language  on input line 112.
Package babel Info: Redefining russian shorthand "~
(babel)             in language  on input line 112.
 [1


]
Missing character: There is no — in font larm1000!
Missing character: There is no о in font larm1000!
Missing character: There is no т in font larm1000!
Missing character: There is no н in font larm1000!
Missing character: There is no о in font larm1000!
Missing character: There is no ш in font larm1000!
Missing character: There is no е in font larm1000!
Missing character: There is no н in font larm1000!
Missing character: There is no и in font larm1000!
Missing character: There is no я in font larm1000!
Missing character: There is no н in font larm1000!
Missing character: There is no а in font larm1000!
Missing character: There is no м in font larm1000!
Missing character: There is no н in font larm1000!
Missing character: There is no о in font larm1000!
Missing character: There is no ж in font larm1000!
Missing character: There is no е in font larm1000!
Missing character: There is no с in font larm1000!
Missing character: There is no т in font larm1000!
Missing character: There is no в in font larm1000!
Missing character: There is no а in font larm1000!
Missing character: There is no и in font larm1000!
Missing character: There is no — in font larm1000!
Missing character: There is no ц in font larm1000!
Missing character: There is no е in font larm1000!
Missing character: There is no л in font larm1000!
Missing character: There is no ь in font larm1000!
Missing character: There is no и in font larm1000!
Missing character: There is no с in font larm1000!
Missing character: There is no с in font larm1000!
Missing character: There is no л in font larm1000!
Missing character: There is no е in font larm1000!
Missing character: There is no д in font larm1000!
Missing character: There is no о in font larm1000!
Missing character: There is no в in font larm1000!
Missing character: There is no а in font larm1000!
Missing character: There is no н in font larm1000!
Missing character: There is no и in font larm1000!
Missing character: There is no й in font larm1000!
Missing character: There is no т in font larm1000!
Missing character: There is no е in font larm1000!
Missing character: There is no р in font larm1000!
Missing character: There is no е in font larm1000!
Missing character: There is no ш in font larm1000!
Missing character: There is no е in font larm1000!
Missing character: There is no н in font larm1000!
Missing character: There is no и in font larm1000!
Missing character: There is no е in font larm1000!
Missing character: There is no п in font larm1000!
Missing character: There is no р in font larm1000!
Missing character: There is no о in font larm1000!
Missing character: There is no б in font larm1000!
Missing character: There is no л in font larm1000!
Missing character: There is no е in font larm1000!
Missing character: There is no м in font larm1000!
Missing character: There is no ы in font larm1000!
Missing character: There is no п in font larm1000!
Missing character: There is no р in font larm1000!
Missing character: There is no о in font larm1000!
Missing character: There is no е in font larm1000!
Missing character: There is no к in font larm1000!
Missing character: There is no т in font larm1000!
Missing character: There is no и in font larm1000!
Missing character: There is no р in font larm1000!
Missing character: There is no о in font larm1000!
Missing character: There is no в in font larm1000!
Missing character: There is no а in font larm1000!
Missing character: There is no н in font larm1000!
Missing character: There is no и in font larm1000!
Missing character: There is no я in font larm1000!
Missing character: There is no у in font larm1000!
Missing character: There is no с in font larm1000!
Missing character: There is no т in font larm1000!
Missing character: There is no о in font larm1000!
Missing character: There is no й in font larm1000!
Missing character: There is no ч in font larm1000!
Missing character: There is no и in font larm1000!
Missing character: There is no в in font larm1000!
Missing character: There is no о in font larm1000!
Missing character: There is no й in font larm1000!
Missing character: There is no а in font larm1000!
Missing character: There is no р in font larm1000!
Missing character: There is no х in font larm1000!
Missing character: There is no и in font larm1000!
Missing character: There is no т in font larm1000!
Missing character: There is no е in font larm1000!
Missing character: There is no к in font larm1000!
Missing character: There is no т in font larm1000!
Missing character: There is no у in font larm1000!
Missing character: There is no р in font larm1000!
Missing character: There is no ы in font larm1000!
Missing character: There is no п in font larm1000!
Missing character: There is no р in font larm1000!
Missing character: There is no о in font larm1000!
Missing character: There is no г in font larm1000!
Missing character: There is no р in font larm1000!
Missing character: There is no а in font larm1000!
Missing character: There is no м in font larm1000!
Missing character: There is no м in font larm1000!
Missing character: There is no н in font larm1000!
Missing character: There is no о in font larm1000!
Missing character: There is no г in font larm1000!
Missing character: There is no о in font larm1000!
Missing character: There is no о in font larm1000!
Missing character: There is no б in font larm1000!
Missing character: There is no е in font larm1000!
Missing character: There is no с in font larm1000!
Missing character: There is no п in font larm1000!
Missing character: There is no е in font larm1000!
Missing character: There is no ч in font larm1000!
Missing character: There is no е in font larm1000!
Missing character: There is no н in font larm1000!
Missing character: There is no и in font larm1000!
Missing character: There is no я in font larm1000!
Missing character: There is no а in font larm1000!
Missing character: There is no в in font larm1000!
Missing character: There is no т in font larm1000!
Missing character: There is no о in font larm1000!
Missing character: There is no м in font larm1000!
Missing character: There is no а in font larm1000!
Missing character: There is no т in font larm1000!
Missing character: There is no и in font larm1000!
Missing character: There is no з in font larm1000!
Missing character: There is no и in font larm1000!
Missing character: There is no р in font larm1000!
Missing character: There is no о in font larm1000!
Missing character: There is no в in font larm1000!
Missing character: There is no а in font larm1000!
Missing character: There is no н in font larm1000!
Missing character: There is no н in font larm1000!
Missing character: There is no о in font larm1000!
Missing character: There is no й in font larm1000!
Missing character: There is no с in font larm1000!
Missing character: There is no и in font larm1000!
Missing character: There is no с in font larm1000!
Missing character: There is no т in font larm1000!
Missing character: There is no е in font larm1000!
Missing character: There is no м in font larm1000!
Missing character: There is no ы in font larm1000!
Missing character: There is no у in font larm1000!
Missing character: There is no п in font larm1000!
Missing character: There is no р in font larm1000!
Missing character: There is no а in font larm1000!
Missing character: There is no в in font larm1000!
Missing character: There is no л in font larm1000!
Missing character: There is no е in font larm1000!
Missing character: There is no н in font larm1000!
Missing character: There is no и in font larm1000!
Missing character: There is no я in font larm1000!
Missing character: There is no П in font larm1000!
Missing character: There is no е in font larm1000!
Missing character: There is no р in font larm1000!
Missing character: There is no е in font larm1000!
Missing character: There is no й in font larm1000!
Missing character: There is no д in font larm1000!
Missing character: There is no е in font larm1000!
Missing character: There is no м in font larm1000!
Missing character: There is no к in font larm1000!
Missing character: There is no м in font larm1000!
Missing character: There is no а in font larm1000!
Missing character: There is no т in font larm1000!
Missing character: There is no е in font larm1000!
Missing character: There is no м in font larm1000!
Missing character: There is no а in font larm1000!
Missing character: There is no т in font larm1000!
Missing character: There is no и in font larm1000!
Missing character: There is no ч in font larm1000!
Missing character: There is no е in font larm1000!
Missing character: There is no с in font larm1000!
Missing character: There is no к in font larm1000!
Missing character: There is no о in font larm1000!
Missing character: There is no й in font larm1000!
Missing character: There is no м in font larm1000!
Missing character: There is no о in font larm1000!
Missing character: There is no д in font larm1000!
Missing character: There is no е in font larm1000!
Missing character: There is no л in font larm1000!
Missing character: There is no и in font larm1000!
Missing character: There is no с in font larm1000!
Missing character: There is no и in font larm1000!
Missing character: There is no с in font larm1000!
Missing character: There is no т in font larm1000!
Missing character: There is no е in font larm1000!
Missing character: There is no м in font larm1000!
Missing character: There is no ы in font larm1000!
Missing character: There is no П in font larm1000!
Missing character: There is no е in font larm1000!
Missing character: There is no р in font larm1000!
Missing character: There is no е in font larm1000!
Missing character: There is no д in font larm1000!
Missing character: There is no в in font larm1000!
Missing character: There is no а in font larm1000!
Missing character: There is no м in font larm1000!
Missing character: There is no и in font larm1000!
Missing character: There is no с in font larm1000!
Missing character: There is no л in font larm1000!
Missing character: There is no а in font larm1000!
Missing character: There is no й in font larm1000!
Missing character: There is no д in font larm1000!
Missing character: There is no с in font larm1000!
Missing character: There is no о in font larm1000!
Missing character: There is no б in font larm1000!
Missing character: There is no о in font larm1000!
Missing character: There is no б in font larm1000!
Missing character: There is no щ in font larm1000!
Missing character: There is no е in font larm1000!
Missing character: There is no н in font larm1000!
Missing character: There is no н in font larm1000!
Missing character: There is no ы in font larm1000!
Missing character: There is no м in font larm1000!
Missing character: There is no и in font larm1000!
Missing character: There is no а in font larm1000!
Missing character: There is no л in font larm1000!
Missing character: There is no г in font larm1000!
Missing character: There is no о in font larm1000!
Missing character: There is no р in font larm1000!
Missing character: There is no и in font larm1000!
Missing character: There is no т in font larm1000!
Missing character: There is no м in font larm1000!
Missing character: There is no и in font larm1000!
Missing character: There is no ч in font larm1000!
Missing character: There is no е in font larm1000!
Missing character: There is no с in font larm1000!
Missing character: There is no к in font larm1000!
Missing character: There is no и in font larm1000!
Missing character: There is no м in font larm1000!
Missing character: There is no и in font larm1000!
Missing character: There is no ш in font larm1000!
Missing character: There is no а in font larm1000!
Missing character: There is no г in font larm1000!
Missing character: There is no а in font larm1000!
Missing character: There is no м in font larm1000!
Missing character: There is no и in font larm1000!
Missing character: There is no д in font larm1000!
Missing character: There is no л in font larm1000!
Missing character: There is no я in font larm1000!
Missing character: There is no п in font larm1000!
Missing character: There is no о in font larm1000!
Missing character: There is no с in font larm1000!
Missing character: There is no т in font larm1000!
Missing character: There is no р in font larm1000!
Missing character: There is no о in font larm1000!
Missing character: There is no е in font larm1000!
Missing character: There is no н in font larm1000!
Missing character: There is no и in font larm1000!
Missing character: There is no я in font larm1000!
Missing character: There is no с in font larm1000!
Missing character: There is no и in font larm1000!
Missing character: There is no с in font larm1000!
Missing character: There is no т in font larm1000!
Missing character: There is no е in font larm1000!
Missing character: There is no м in font larm1000!
Missing character: There is no ы in font larm1000!
Missing character: There is no Ф in font larm1000!
Missing character: There is no о in font larm1000!
Missing character: There is no р in font larm1000!
Missing character: There is no м in font larm1000!
Missing character: There is no и in font larm1000!
Missing character: There is no р in font larm1000!
Missing character: There is no о in font larm1000!
Missing character: There is no в in font larm1000!
Missing character: There is no а in font larm1000!
Missing character: There is no н in font larm1000!
Missing character: There is no и in font larm1000!
Missing character: There is no е in font larm1000!
Missing character: There is no б in font larm1000!
Missing character: There is no а in font larm1000!
Missing character: There is no з in font larm1000!
Missing character: There is no ы in font larm1000!
Missing character: There is no з in font larm1000!
Missing character: There is no н in font larm1000!
Missing character: There is no а in font larm1000!
Missing character: There is no н in font larm1000!
Missing character: There is no и in font larm1000!
Missing character: There is no й in font larm1000!
Missing character: There is no С in font larm1000!
Missing character: There is no и in font larm1000!
Missing character: There is no н in font larm1000!
Missing character: There is no т in font larm1000!
Missing character: There is no е in font larm1000!
Missing character: There is no з in font larm1000!
Missing character: There is no о in font larm1000!
Missing character: There is no б in font larm1000!
Missing character: There is no у in font larm1000!
Missing character: There is no ч in font larm1000!
Missing character: There is no а in font larm1000!
Missing character: There is no ю in font larm1000!
Missing character: There is no щ in font larm1000!
Missing character: There is no е in font larm1000!
Missing character: There is no й in font larm1000!
Missing character: There is no в in font larm1000!
Missing character: There is no ы in font larm1000!
Missing character: There is no б in font larm1000!
Missing character: There is no о in font larm1000!
Missing character: There is no р in font larm1000!
Missing character: There is no к in font larm1000!
Missing character: There is no и in font larm1000!
Missing character: There is no Р in font larm1000!
Missing character: There is no а in font larm1000!
Missing character: There is no н in font larm1000!
Missing character: There is no ж in font larm1000!
Missing character: There is no и in font larm1000!
Missing character: There is no р in font larm1000!
Missing character: There is no о in font larm1000!
Missing character: There is no в in font larm1000!
Missing character: There is no а in font larm1000!
Missing character: There is no н in font larm1000!
Missing character: There is no и in font larm1000!
Missing character: There is no е in font larm1000!
Missing character: There is no п in font larm1000!
Missing character: There is no а in font larm1000!
Missing character: There is no р in font larm1000!
Missing character: There is no а in font larm1000!
Missing character: There is no м in font larm1000!
Missing character: There is no е in font larm1000!
Missing character: There is no т in font larm1000!
Missing character: There is no р in font larm1000!
Missing character: There is no о in font larm1000!
Missing character: There is no в in font larm1000!
Missing character: There is no С in font larm1000!
Missing character: There is no и in font larm1000!
Missing character: There is no н in font larm1000!
Missing character: There is no т in font larm1000!
Missing character: There is no е in font larm1000!
Missing character: There is no з in font larm1000!
Missing character: There is no д in font larm1000!
Missing character: There is no е in font larm1000!
Missing character: There is no р in font larm1000!
Missing character: There is no е in font larm1000!
Missing character: There is no в in font larm1000!
Missing character: There is no ь in font larm1000!
Missing character: There is no е in font larm1000!
Missing character: There is no в in font larm1000!
Missing character: There is no и in font larm1000!
Missing character: There is no к in font larm1000!
Missing character: There is no л in font larm1000!
Missing character: There is no а in font larm1000!
Missing character: There is no с in font larm1000!
Missing character: There is no с in font larm1000!
Missing character: There is no и in font larm1000!
Missing character: There is no ф in font larm1000!
Missing character: There is no и in font larm1000!
Missing character: There is no к in font larm1000!
Missing character: There is no а in font larm1000!
Missing character: There is no ц in font larm1000!
Missing character: There is no и in font larm1000!
Missing character: There is no я in font larm1000!
Missing character: There is no Р in font larm1000!
Missing character: There is no а in font larm1000!
Missing character: There is no с in font larm1000!
Missing character: There is no ч in font larm1000!
Missing character: There is no е in font larm1000!
Missing character: There is no т in font larm1000!
Missing character: There is no г in font larm1000!
Missing character: There is no и in font larm1000!
Missing character: There is no п in font larm1000!
Missing character: There is no е in font larm1000!
Missing character: There is no р in font larm1000!
Missing character: There is no г in font larm1000!
Missing character: There is no е in font larm1000!
Missing character: There is no о in font larm1000!
Missing character: There is no м in font larm1000!
Missing character: There is no е in font larm1000!
Missing character: There is no т in font larm1000!
Missing character: There is no р in font larm1000!
Missing character: There is no и in font larm1000!
Missing character: There is no ч in font larm1000!
Missing character: There is no е in font larm1000!
Missing character: There is no с in font larm1000!
Missing character: There is no к in font larm1000!
Missing character: There is no о in font larm1000!
Missing character: There is no г in font larm1000!
Missing character: There is no о in font larm1000!
Missing character: There is no р in font larm1000!
Missing character: There is no а in font larm1000!
Missing character: There is no с in font larm1000!
Missing character: There is no п in font larm1000!
Missing character: There is no р in font larm1000!
Missing character: There is no е in font larm1000!
Missing character: There is no д in font larm1000!
Missing character: There is no е in font larm1000!
Missing character: There is no л in font larm1000!
Missing character: There is no е in font larm1000!
Missing character: There is no н in font larm1000!
Missing character: There is no и in font larm1000!
Missing character: There is no я in font larm1000!
Missing character: There is no С in font larm1000!
Missing character: There is no и in font larm1000!
Missing character: There is no н in font larm1000!
Missing character: There is no т in font larm1000!
Missing character: There is no е in font larm1000!
Missing character: There is no з in font larm1000!
Missing character: There is no д in font larm1000!
Missing character: There is no е in font larm1000!
Missing character: There is no р in font larm1000!
Missing character: There is no е in font larm1000!
Missing character: There is no в in font larm1000!
Missing character: There is no ь in font larm1000!
Missing character: There is no е in font larm1000!
Missing character: There is no в in font larm1000!
Missing character: There is no р in font larm1000!
Missing character: There is no е in font larm1000!
Missing character: There is no ш in font larm1000!
Missing character: There is no е in font larm1000!
Missing character: There is no н in font larm1000!
Missing character: There is no и in font larm1000!
Missing character: There is no й in font larm1000!
Missing character: There is no П in font larm1000!
Missing character: There is no о in font larm1000!
Missing character: There is no и in font larm1000!
Missing character: There is no с in font larm1000!
Missing character: There is no к in font larm1000!
Missing character: There is no з in font larm1000!
Missing character: There is no а in font larm1000!
Missing character: There is no к in font larm1000!
Missing character: There is no о in font larm1000!
Missing character: There is no н in font larm1000!
Missing character: There is no о in font larm1000!
Missing character: There is no м in font larm1000!
Missing character: There is no е in font larm1000!
Missing character: There is no р in font larm1000!
Missing character: There is no н in font larm1000!
Missing character: There is no о in font larm1000!
Missing character: There is no с in font larm1000!
Missing character: There is no т in font larm1000!
Missing character: There is no е in font larm1000!
Missing character: There is no й in font larm1000!
Missing character: There is no к in font larm1000!
Missing character: There is no р in font larm1000!
Missing character: There is no и in font larm1000!
Missing character: There is no т in font larm1000!
Missing character: There is no е in font larm1000!
Missing character: There is no р in font larm1000!
Missing character: There is no и in font larm1000!
Missing character: There is no е in font larm1000!
Missing character: There is no м in font larm1000!
Missing character: There is no м in font larm1000!
Missing character: There is no а in font larm1000!
Missing character: There is no к in font larm1000!
Missing character: There is no с in font larm1000!
Missing character: There is no и in font larm1000!
Missing character: There is no м in font larm1000!
Missing character: There is no у in font larm1000!
Missing character: There is no м in font larm1000!
Missing character: There is no а in font larm1000!
Missing character: There is no в in font larm1000!
Missing character: There is no з in font larm1000!
Missing character: There is no в in font larm1000!
Missing character: There is no е in font larm1000!
Missing character: There is no ш in font larm1000!
Missing character: There is no е in font larm1000!
Missing character: There is no н in font larm1000!
Missing character: There is no н in font larm1000!
Missing character: There is no о in font larm1000!
Missing character: There is no й in font larm1000!
Missing character: There is no и in font larm1000!
Missing character: There is no н in font larm1000!
Missing character: There is no ф in font larm1000!
Missing character: There is no о in font larm1000!
Missing character: There is no р in font larm1000!
Missing character: There is no м in font larm1000!
Missing character: There is no а in font larm1000!
Missing character: There is no т in font larm1000!
Missing character: There is no и in font larm1000!
Missing character: There is no в in font larm1000!
Missing character: There is no н in font larm1000!
Missing character: There is no о in font larm1000!
Missing character: There is no с in font larm1000!
Missing character: There is no т in font larm1000!
Missing character: There is no и in font larm1000!
Missing character: There is no В in font larm1000!
Missing character: There is no з in font larm1000!
Missing character: There is no в in font larm1000!
Missing character: There is no е in font larm1000!
Missing character: There is no ш in font larm1000!
Missing character: There is no е in font larm1000!
Missing character: There is no н in font larm1000!
Missing character: There is no н in font larm1000!
Missing character: There is no о in font larm1000!
Missing character: There is no е in font larm1000!
Missing character: There is no г in font larm1000!
Missing character: There is no о in font larm1000!
Missing character: There is no л in font larm1000!
Missing character: There is no о in font larm1000!
Missing character: There is no с in font larm1000!
Missing character: There is no о in font larm1000!
Missing character: There is no в in font larm1000!
Missing character: There is no а in font larm1000!
Missing character: There is no н in font larm1000!
Missing character: There is no и in font larm1000!
Missing character: There is no е in font larm1000!
Missing character: There is no и in font larm1000!
Missing character: There is no к in font larm1000!
Missing character: There is no л in font larm1000!
Missing character: There is no а in font larm1000!
Missing character: There is no с in font larm1000!
Missing character: There is no с in font larm1000!
Missing character: There is no и in font larm1000!
Missing character: There is no ф in font larm1000!
Missing character: There is no и in font larm1000!
Missing character: There is no к in font larm1000!
Missing character: There is no а in font larm1000!
Missing character: There is no ц in font larm1000!
Missing character: There is no и in font larm1000!
Missing character: There is no я in font larm1000!
Missing character: There is no Ф in font larm1000!
Missing character: There is no о in font larm1000!
Missing character: There is no р in font larm1000!
Missing character: There is no м in font larm1000!
Missing character: There is no и in font larm1000!
Missing character: There is no р in font larm1000!
Missing character: There is no о in font larm1000!
Missing character: There is no в in font larm1000!
Missing character: There is no а in font larm1000!
Missing character: There is no н in font larm1000!
Missing character: There is no и in font larm1000!
Missing character: There is no е in font larm1000!
Missing character: There is no р in font larm1000!
Missing character: There is no е in font larm1000!
Missing character: There is no к in font larm1000!
Missing character: There is no о in font larm1000!
Missing character: There is no м in font larm1000!
Missing character: There is no е in font larm1000!
Missing character: There is no н in font larm1000!
Missing character: There is no д in font larm1000!
Missing character: There is no а in font larm1000!
Missing character: There is no ц in font larm1000!
Missing character: There is no и in font larm1000!
Missing character: There is no й in font larm1000!
Missing character: There is no Ф in font larm1000!
Missing character: There is no о in font larm1000!
Missing character: There is no р in font larm1000!
Missing character: There is no м in font larm1000!
Missing character: There is no и in font larm1000!
Missing character: There is no р in font larm1000!
Missing character: There is no о in font larm1000!
Missing character: There is no в in font larm1000!
Missing character: There is no а in font larm1000!
Missing character: There is no н in font larm1000!
Missing character: There is no и in font larm1000!
Missing character: There is no е in font larm1000!
Missing character: There is no р in font larm1000!
Missing character: There is no е in font larm1000!
Missing character: There is no к in font larm1000!
Missing character: There is no о in font larm1000!
Missing character: There is no м in font larm1000!
Missing character: There is no е in font larm1000!
Missing character: There is no н in font larm1000!
Missing character: There is no д in font larm1000!
Missing character: There is no а in font larm1000!
Missing character: There is no ц in font larm1000!
Missing character: There is no и in font larm1000!
Missing character: There is no й in font larm1000!
Missing character: There is no Т in font larm1000!
Missing character: There is no а in font larm1000!
Missing character: There is no б in font larm1000!
Missing character: There is no л in font larm1000!
Missing character: There is no и in font larm1000!
Missing character: There is no ц in font larm1000!
Missing character: There is no а in font larm1000!
Missing character: There is no п in font larm1000!
Missing character: There is no р in font larm1000!
Missing character: There is no о in font larm1000!
Missing character: There is no т in font larm1000!
Missing character: There is no и in font larm1000!
Missing character: There is no в in font larm1000!
Missing character: There is no о in font larm1000!
Missing character: There is no р in font larm1000!
Missing character: There is no е in font larm1000!
Missing character: There is no ч in font larm1000!
Missing character: There is no и in font larm1000!
Missing character: There is no й in font larm1000!
Missing character: There is no м in font larm1000!
Missing character: There is no е in font larm1000!
Missing character: There is no т in font larm1000!
Missing character: There is no о in font larm1000!
Missing character: There is no д in font larm1000!
Missing character: There is no о in font larm1000!
Missing character: There is no м in font larm1000!
Missing character: There is no Т in font larm1000!
Missing character: There is no Р in font larm1000!
Missing character: There is no И in font larm1000!
Missing character: There is no З in font larm1000!
Missing character: There is no Д in font larm1000!
Missing character: There is no а in font larm1000!
Missing character: There is no л in font larm1000!
Missing character: There is no е in font larm1000!
Missing character: There is no е in font larm1000!
Missing character: There is no н in font larm1000!
Missing character: There is no а in font larm1000!
Missing character: There is no с in font larm1000!
Missing character: There is no л in font larm1000!
Missing character: There is no а in font larm1000!
Missing character: There is no й in font larm1000!
Missing character: There is no д in font larm1000!
Missing character: There is no е in font larm1000!
Missing character: There is no п in font larm1000!
Missing character: There is no р in font larm1000!
Missing character: There is no е in font larm1000!
Missing character: There is no д in font larm1000!
Missing character: There is no с in font larm1000!
Missing character: There is no т in font larm1000!
Missing character: There is no а in font larm1000!
Missing character: There is no в in font larm1000!
Missing character: There is no л in font larm1000!
Missing character: There is no е in font larm1000!
Missing character: There is no н in font larm1000!
Missing character: There is no а in font larm1000!
Missing character: There is no б in font larm1000!
Missing character: There is no л in font larm1000!
Missing character: There is no о in font larm1000!
Missing character: There is no к in font larm1000!
Missing character: There is no с in font larm1000!
Missing character: There is no х in font larm1000!
Missing character: There is no е in font larm1000!
Missing character: There is no м in font larm1000!
Missing character: There is no а in font larm1000!
Missing character: There is no м in font larm1000!
Missing character: There is no о in font larm1000!
Missing character: There is no д in font larm1000!
Missing character: There is no е in font larm1000!
Missing character: There is no л in font larm1000!
Missing character: There is no и in font larm1000!
Missing character: There is no р in font larm1000!
Missing character: There is no а in font larm1000!
Missing character: There is no б in font larm1000!
Missing character: There is no о in font larm1000!
Missing character: There is no т in font larm1000!
Missing character: There is no ы in font larm1000!
Missing character: There is no с in font larm1000!
Missing character: There is no и in font larm1000!
Missing character: There is no с in font larm1000!
Missing character: There is no т in font larm1000!
Missing character: There is no е in font larm1000!
Missing character: There is no м in font larm1000!
Missing character: There is no ы in font larm1000!
Missing character: There is no Р in font larm1000!
Missing character: There is no а in font larm1000!
Missing character: There is no с in font larm1000!
Missing character: There is no с in font larm1000!
Missing character: There is no м in font larm1000!
Missing character: There is no о in font larm1000!
Missing character: There is no т in font larm1000!
Missing character: There is no р in font larm1000!
Missing character: There is no и in font larm1000!
Missing character: There is no м in font larm1000!
Missing character: There is no в in font larm1000!
Missing character: There is no н in font larm1000!
Missing character: There is no и in font larm1000!
Missing character: There is no м in font larm1000!
Missing character: There is no а in font larm1000!
Missing character: There is no т in font larm1000!
Missing character: There is no е in font larm1000!
Missing character: There is no л in font larm1000!
Missing character: There is no ь in font larm1000!
Missing character: There is no н in font larm1000!
Missing character: There is no е in font larm1000!
Missing character: There is no е in font larm1000!
Missing character: There is no д in font larm1000!
Missing character: There is no а in font larm1000!
Missing character: There is no н in font larm1000!
Missing character: There is no н in font larm1000!
Missing character: There is no ы in font larm1000!
Missing character: There is no е in font larm1000!
Missing character: There is no а in font larm1000!
Missing character: There is no л in font larm1000!
Missing character: There is no г in font larm1000!
Missing character: There is no о in font larm1000!
Missing character: There is no р in font larm1000!
Missing character: There is no и in font larm1000!
Missing character: There is no т in font larm1000!
Missing character: There is no м in font larm1000!
Missing character: There is no и in font larm1000!
Missing character: There is no ч in font larm1000!
Missing character: There is no е in font larm1000!
Missing character: There is no с in font larm1000!
Missing character: There is no к in font larm1000!
Missing character: There is no и in font larm1000!
Missing character: There is no е in font larm1000!
Missing character: There is no б in font larm1000!
Missing character: There is no л in font larm1000!
Missing character: There is no о in font larm1000!
Missing character: There is no к in font larm1000!
Missing character: There is no и in font larm1000!
Missing character: There is no П in font larm1000!
Missing character: There is no у in font larm1000!
Missing character: There is no с in font larm1000!
Missing character: There is no т in font larm1000!
Missing character: There is no ь in font larm1000!
Missing character: There is no м in font larm1000!
Missing character: There is no н in font larm1000!
Missing character: There is no о in font larm1000!
Missing character: There is no ж in font larm1000!
Missing character: There is no е in font larm1000!
Missing character: There is no с in font larm1000!
Missing character: There is no т in font larm1000!
Missing character: There is no в in font larm1000!
Missing character: There is no о in font larm1000!
Missing character: There is no т in font larm1000!
Missing character: There is no и in font larm1000!
Missing character: There is no п in font larm1000!
Missing character: There is no о in font larm1000!
Missing character: There is no в in font larm1000!
Missing character: There is no и in font larm1000!
Missing character: There is no н in font larm1000!
Missing character: There is no ф in font larm1000!
Missing character: There is no о in font larm1000!
Missing character: There is no р in font larm1000!
Missing character: There is no м in font larm1000!
Missing character: There is no а in font larm1000!
Missing character: There is no ц in font larm1000!
Missing character: There is no и in font larm1000!
Missing character: There is no о in font larm1000!
Missing character: There is no н in font larm1000!
Missing character: There is no н in font larm1000!
Missing character: There is no ы in font larm1000!
Missing character: There is no х in font larm1000!
Missing character: There is no с in font larm1000!
Missing character: There is no и in font larm1000!
Missing character: There is no с in font larm1000!
Missing character: There is no т in font larm1000!
Missing character: There is no е in font larm1000!
Missing character: There is no м in font larm1000!
Missing character: There is no о in font larm1000!
Missing character: There is no п in font larm1000!
Missing character: There is no и in font larm1000!
Missing character: There is no с in font larm1000!
Missing character: There is no ы in font larm1000!
Missing character: There is no в in font larm1000!
Missing character: There is no а in font larm1000!
Missing character: There is no е in font larm1000!
Missing character: There is no м in font larm1000!
Missing character: There is no ы in font larm1000!
Missing character: There is no х in font larm1000!
Missing character: There is no п in font larm1000!
Missing character: There is no о in font larm1000!
Missing character: There is no л in font larm1000!
Missing character: There is no ь in font larm1000!
Missing character: There is no з in font larm1000!
Missing character: There is no о in font larm1000!
Missing character: There is no в in font larm1000!
Missing character: There is no а in font larm1000!
Missing character: There is no т in font larm1000!
Missing character: There is no е in font larm1000!
Missing character: There is no л in font larm1000!
Missing character: There is no е in font larm1000!
Missing character: There is no м in font larm1000!
Missing character: There is no к in font larm1000!
Missing character: There is no а in font larm1000!
Missing character: There is no к in font larm1000!
Missing character: There is no м in font larm1000!
Missing character: There is no н in font larm1000!
Missing character: There is no о in font larm1000!
Missing character: There is no ж in font larm1000!
Missing character: There is no е in font larm1000!
Missing character: There is no с in font larm1000!
Missing character: There is no т in font larm1000!
Missing character: There is no в in font larm1000!
Missing character: There is no о in font larm1000!
Missing character: There is no о in font larm1000!
Missing character: There is no б in font larm1000!
Missing character: There is no ъ in font larm1000!
Missing character: There is no е in font larm1000!
Missing character: There is no к in font larm1000!
Missing character: There is no т in font larm1000!
Missing character: There is no о in font larm1000!
Missing character: There is no в in font larm1000!
Missing character: There is no т in font larm1000!
Missing character: There is no е in font larm1000!
Missing character: There is no п in font larm1000!
Missing character: There is no р in font larm1000!
Missing character: There is no е in font larm1000!
Missing character: There is no д in font larm1000!
Missing character: There is no л in font larm1000!
Missing character: There is no а in font larm1000!
Missing character: There is no г in font larm1000!
Missing character: There is no а in font larm1000!
Missing character: There is no е in font larm1000!
Missing character: There is no м in font larm1000!
Missing character: There is no ы in font larm1000!
Missing character: There is no х in font larm1000!
Missing character: There is no а in font larm1000!
Missing character: There is no р in font larm1000!
Missing character: There is no х in font larm1000!
Missing character: There is no и in font larm1000!
Missing character: There is no т in font larm1000!
Missing character: There is no е in font larm1000!
Missing character: There is no к in font larm1000!
Missing character: There is no т in font larm1000!
Missing character: There is no у in font larm1000!
Missing character: There is no р in font larm1000!
Missing character: There is no в in font larm1000!
Missing character: There is no е in font larm1000!
Missing character: There is no с in font larm1000!
Missing character: There is no о in font larm1000!
Missing character: There is no в in font larm1000!
Missing character: There is no а in font larm1000!
Missing character: There is no я in font larm1000!
Missing character: There is no м in font larm1000!
Missing character: There is no а in font larm1000!
Missing character: There is no т in font larm1000!
Missing character: There is no р in font larm1000!
Missing character: There is no и in font larm1000!
Missing character: There is no ц in font larm1000!
Missing character: There is no а in font larm1000!
Missing character: There is no р in font larm1000!
Missing character: There is no а in font larm1000!
Missing character: There is no з in font larm1000!
Missing character: There is no м in font larm1000!
Missing character: There is no е in font larm1000!
Missing character: There is no р in font larm1000!
Missing character: There is no а in font larm1000!
Missing character: There is no ж in font larm1000!
Missing character: There is no е in font larm1000!
Missing character: There is no л in font larm1000!
Missing character: There is no а in font larm1000!
Missing character: There is no е in font larm1000!
Missing character: There is no м in font larm1000!
Missing character: There is no о in font larm1000!
Missing character: There is no е in font larm1000!
Missing character: There is no к in font larm1000!
Missing character: There is no о in font larm1000!
Missing character: There is no л in font larm1000!
Missing character: There is no и in font larm1000!
Missing character: There is no ч in font larm1000!
Missing character: There is no е in font larm1000!
Missing character: There is no с in font larm1000!
Missing character: There is no т in font larm1000!
Missing character: There is no в in font larm1000!
Missing character: There is no о in font larm1000!
Missing character: There is no р in font larm1000!
Missing character: There is no е in font larm1000!
Missing character: There is no к in font larm1000!
Missing character: There is no о in font larm1000!
Missing character: There is no м in font larm1000!
Missing character: There is no е in font larm1000!
Missing character: There is no н in font larm1000!
Missing character: There is no д in font larm1000!
Missing character: There is no а in font larm1000!
Missing character: There is no ц in font larm1000!
Missing character: There is no и in font larm1000!
Missing character: There is no й in font larm1000!
Missing character: There is no к in font larm1000!
Missing character: There is no о in font larm1000!
Missing character: There is no т in font larm1000!
Missing character: There is no о in font larm1000!
Missing character: There is no р in font larm1000!
Missing character: There is no ы in font larm1000!
Missing character: There is no е in font larm1000!
Missing character: There is no н in font larm1000!
Missing character: There is no у in font larm1000!
Missing character: There is no ж in font larm1000!
Missing character: There is no н in font larm1000!
Missing character: There is no о in font larm1000!
Missing character: There is no п in font larm1000!
Missing character: There is no о in font larm1000!
Missing character: There is no л in font larm1000!
Missing character: There is no у in font larm1000!
Missing character: There is no ч in font larm1000!
Missing character: There is no и in font larm1000!
Missing character: There is no т in font larm1000!
Missing character: There is no ь in font larm1000!
Missing character: There is no о in font larm1000!
Missing character: There is no т in font larm1000!
Missing character: There is no с in font larm1000!
Missing character: There is no и in font larm1000!
Missing character: There is no с in font larm1000!
Missing character: There is no т in font larm1000!
Missing character: There is no е in font larm1000!
Missing character: There is no м in font larm1000!
Missing character: There is no ы in font larm1000!
Missing character: There is no Т in font larm1000!
Missing character: There is no р in font larm1000!
Missing character: There is no е in font larm1000!
Missing character: There is no б in font larm1000!
Missing character: There is no у in font larm1000!
Missing character: There is no е in font larm1000!
Missing character: There is no т in font larm1000!
Missing character: There is no с in font larm1000!
Missing character: There is no я in font larm1000!
Missing character: There is no н in font larm1000!
Missing character: There is no а in font larm1000!
Missing character: There is no й in font larm1000!
Missing character: There is no т in font larm1000!
Missing character: There is no и in font larm1000!
Missing character: There is no д in font larm1000!
Missing character: There is no л in font larm1000!
Missing character: There is no я in font larm1000!
Missing character: There is no о in font larm1000!
Missing character: There is no п in font larm1000!
Missing character: There is no и in font larm1000!
Missing character: There is no с in font larm1000!
Missing character: There is no ы in font larm1000!
Missing character: There is no в in font larm1000!
Missing character: There is no а in font larm1000!
Missing character: There is no е in font larm1000!
Missing character: There is no м in font larm1000!
Missing character: There is no о in font larm1000!
Missing character: There is no г in font larm1000!
Missing character: There is no о in font larm1000!
Missing character: There is no н in font larm1000!
Missing character: There is no а in font larm1000!
Missing character: There is no б in font larm1000!
Missing character: There is no о in font larm1000!
Missing character: There is no р in font larm1000!
Missing character: There is no а in font larm1000!
Missing character: There is no т in font larm1000!
Missing character: There is no и in font larm1000!
Missing character: There is no п in font larm1000!
Missing character: There is no о in font larm1000!
Missing character: There is no в in font larm1000!
Missing character: There is no и in font larm1000!
Missing character: There is no н in font larm1000!
Missing character: There is no ф in font larm1000!
Missing character: There is no о in font larm1000!
Missing character: There is no р in font larm1000!
Missing character: There is no м in font larm1000!
Missing character: There is no а in font larm1000!
Missing character: There is no ц in font larm1000!
Missing character: There is no и in font larm1000!
Missing character: There is no о in font larm1000!
Missing character: There is no н in font larm1000!
Missing character: There is no н in font larm1000!
Missing character: There is no ы in font larm1000!
Missing character: There is no х in font larm1000!
Missing character: There is no с in font larm1000!
Missing character: There is no и in font larm1000!
Missing character: There is no с in font larm1000!
Missing character: There is no т in font larm1000!
Missing character: There is no е in font larm1000!
Missing character: There is no м in font larm1000!
Missing character: There is no н in font larm1000!
Missing character: There is no а in font larm1000!
Missing character: There is no й in font larm1000!
Missing character: There is no т in font larm1000!
Missing character: There is no и in font larm1000!
Missing character: There is no м in font larm1000!
Missing character: There is no е in font larm1000!
Missing character: There is no р in font larm1000!
Missing character: There is no н in font larm1000!
Missing character: There is no ы in font larm1000!
Missing character: There is no й in font larm1000!
Missing character: There is no в in font larm1000!
Missing character: There is no е in font larm1000!
Missing character: There is no к in font larm1000!
Missing character: There is no т in font larm1000!
Missing character: There is no о in font larm1000!
Missing character: There is no р in font larm1000!
Missing character: There is no г in font larm1000!
Missing character: There is no д in font larm1000!
Missing character: There is no е in font larm1000!
Missing character: There is no а in font larm1000!
Missing character: There is no р in font larm1000!
Missing character: There is no х in font larm1000!
Missing character: There is no и in font larm1000!
Missing character: There is no т in font larm1000!
Missing character: There is no е in font larm1000!
Missing character: There is no к in font larm1000!
Missing character: There is no т in font larm1000!
Missing character: There is no у in font larm1000!
Missing character: There is no р in font larm1000!
Missing character: There is no а in font larm1000!
Missing character: There is no п in font larm1000!
Missing character: There is no о in font larm1000!
Missing character: There is no д in font larm1000!
Missing character: There is no х in font larm1000!
Missing character: There is no о in font larm1000!
Missing character: There is no д in font larm1000!
Missing character: There is no и in font larm1000!
Missing character: There is no т in font larm1000!
Missing character: There is no п in font larm1000!
Missing character: There is no о in font larm1000!
Missing character: There is no п in font larm1000!
Missing character: There is no а in font larm1000!
Missing character: There is no р in font larm1000!
Missing character: There is no а in font larm1000!
Missing character: There is no м in font larm1000!
Missing character: There is no е in font larm1000!
Missing character: There is no т in font larm1000!
Missing character: There is no р in font larm1000!
Missing character: There is no а in font larm1000!
Missing character: There is no м in font larm1000!
Missing character: There is no т in font larm1000!
Missing character: There is no е in font larm1000!
Missing character: There is no в in font larm1000!
Missing character: There is no м in font larm1000!
Missing character: There is no а in font larm1000!
Missing character: There is no т in font larm1000!
Missing character: There is no р in font larm1000!
Missing character: There is no и in font larm1000!
Missing character: There is no ц in font larm1000!
Missing character: There is no е in font larm1000!
Missing character: There is no о in font larm1000!
Missing character: There is no п in font larm1000!
Missing character: There is no и in font larm1000!
Missing character: There is no с in font larm1000!
Missing character: There is no а in font larm1000!
Missing character: There is no н in font larm1000!
Missing character: There is no и in font larm1000!
Missing character: There is no я in font larm1000!
Missing character: There is no т in font larm1000!
Missing character: There is no р in font larm1000!
Missing character: There is no а in font larm1000!
Missing character: There is no н in font larm1000!
Missing character: There is no з in font larm1000!
Missing character: There is no а in font larm1000!
Missing character: There is no к in font larm1000!
Missing character: There is no ц in font larm1000!
Missing character: There is no и in font larm1000!
Missing character: There is no й in font larm1000!
Missing character: There is no е in font larm1000!
Missing character: There is no с in font larm1000!
Missing character: There is no т in font larm1000!
Missing character: There is no ь in font larm1000!
Missing character: There is no п in font larm1000!
Missing character: There is no у in font larm1000!
Missing character: There is no с in font larm1000!
Missing character: There is no т in font larm1000!
Missing character: There is no о in font larm1000!
Missing character: There is no е in font larm1000!
Missing character: There is no м in font larm1000!
Missing character: There is no е in font larm1000!
Missing character: There is no с in font larm1000!
Missing character: There is no т in font larm1000!
Missing character: There is no о in font larm1000!
Missing character: There is no г in font larm1000!
Missing character: There is no д in font larm1000!
Missing character: There is no е in font larm1000!
Missing character: There is no э in font larm1000!
Missing character: There is no т in font larm1000!
Missing character: There is no и in font larm1000!
Missing character: There is no а in font larm1000!
Missing character: There is no р in font larm1000!
Missing character: There is no х in font larm1000!
Missing character: There is no и in font larm1000!
Missing character: There is no т in font larm1000!
Missing character: There is no е in font larm1000!
Missing character: There is no к in font larm1000!
Missing character: There is no т in font larm1000!
Missing character: There is no у in font larm1000!
Missing character: There is no р in font larm1000!
Missing character: There is no ы in font larm1000!
Missing character: There is no н in font larm1000!
Missing character: There is no а in font larm1000!
Missing character: There is no и in font larm1000!
Missing character: There is no б in font larm1000!
Missing character: There is no о in font larm1000!
Missing character: There is no л in font larm1000!
Missing character: There is no е in font larm1000!
Missing character: There is no е in font larm1000!
Missing character: There is no т in font larm1000!
Missing character: There is no о in font larm1000!
Missing character: There is no ч in font larm1000!
Missing character: There is no н in font larm1000!
Missing character: There is no о in font larm1000!
Missing character: There is no с in font larm1000!
Missing character: There is no о in font larm1000!
Missing character: There is no о in font larm1000!
Missing character: There is no т in font larm1000!
Missing character: There is no в in font larm1000!
Missing character: There is no е in font larm1000!
Missing character: There is no т in font larm1000!
Missing character: There is no с in font larm1000!
Missing character: There is no т in font larm1000!
Missing character: There is no в in font larm1000!
Missing character: There is no у in font larm1000!
Missing character: There is no ю in font larm1000!
Missing character: There is no т in font larm1000!
Missing character: There is no б in font larm1000!
Missing character: There is no а in font larm1000!
Missing character: There is no з in font larm1000!
Missing character: There is no е in font larm1000!
Missing character: There is no к in font larm1000!
Missing character: There is no о in font larm1000!
Missing character: There is no н in font larm1000!
Missing character: There is no ю in font larm1000!
Missing character: There is no н in font larm1000!
Missing character: There is no к in font larm1000!
Missing character: There is no ц in font larm1000!
Missing character: There is no и in font larm1000!
Missing character: There is no о in font larm1000!
Missing character: There is no н in font larm1000!
Missing character: There is no н in font larm1000!
Missing character: There is no ы in font larm1000!
Missing character: There is no х in font larm1000!
Missing character: There is no з in font larm1000!
Missing character: There is no а in font larm1000!
Missing character: There is no к in font larm1000!
Missing character: There is no о in font larm1000!
Missing character: There is no н in font larm1000!
Missing character: There is no о in font larm1000!
Missing character: There is no м in font larm1000!
Missing character: There is no е in font larm1000!
Missing character: There is no р in font larm1000!
Missing character: There is no н in font larm1000!
Missing character: There is no о in font larm1000!
Missing character: There is no с in font larm1000!
Missing character: There is no т in font larm1000!
Missing character: There is no е in font larm1000!
Missing character: There is no й in font larm1000!
Missing character: There is no т in font larm1000!
Missing character: There is no о in font larm1000!
Missing character: There is no е in font larm1000!
Missing character: There is no с in font larm1000!
Missing character: There is no т in font larm1000!
Missing character: There is no ь in font larm1000!
Missing character: There is no к in font larm1000!
Missing character: There is no л in font larm1000!
Missing character: There is no а in font larm1000!
Missing character: There is no с in font larm1000!
Missing character: There is no с in font larm1000!
Missing character: There is no а in font larm1000!
Missing character: There is no м in font larm1000!
Missing character: There is no г in font larm1000!
Missing character: There is no д in font larm1000!
Missing character: There is no е in font larm1000!
Missing character: There is no я in font larm1000!
Missing character: There is no в in font larm1000!
Missing character: There is no л in font larm1000!
Missing character: There is no я in font larm1000!
Missing character: There is no е in font larm1000!
Missing character: There is no т in font larm1000!
Missing character: There is no с in font larm1000!
Missing character: There is no я in font larm1000!
Missing character: There is no н in font larm1000!
Missing character: There is no а in font larm1000!
Missing character: There is no и in font larm1000!
Missing character: There is no б in font larm1000!
Missing character: There is no о in font larm1000!
Missing character: There is no л in font larm1000!
Missing character: There is no ь in font larm1000!
Missing character: There is no ш in font larm1000!
Missing character: There is no и in font larm1000!
Missing character: There is no м in font larm1000!
Package babel Info: Redefining russian shorthand "|
(babel)             in language  on input line 166.
Package babel Info: Redefining russian shorthand "~
(babel)             in language  on input line 166.
Package babel Info: Redefining russian shorthand "|
(babel)             in language  on input line 166.
Package babel Info: Redefining russian shorthand "~
(babel)             in language  on input line 166.
 [2]
Missing character: There is no В in font larm1000!
Missing character: There is no х in font larm1000!
Missing character: There is no о in font larm1000!
Missing character: There is no д in font larm1000!
Missing character: There is no н in font larm1000!
Missing character: There is no ы in font larm1000!
Missing character: There is no е in font larm1000!
Missing character: There is no д in font larm1000!
Missing character: There is no а in font larm1000!
Missing character: There is no н in font larm1000!
Missing character: There is no н in font larm1000!
Missing character: There is no ы in font larm1000!
Missing character: There is no е in font larm1000!
Missing character: There is no п in font larm1000!
Missing character: There is no о in font larm1000!
Missing character: There is no с in font larm1000!
Missing character: There is no т in font larm1000!
Missing character: There is no у in font larm1000!
Missing character: There is no п in font larm1000!
Missing character: There is no а in font larm1000!
Missing character: There is no ю in font larm1000!
Missing character: There is no т in font larm1000!
Missing character: There is no в in font larm1000!
Missing character: There is no в in font larm1000!
Missing character: There is no и in font larm1000!
Missing character: There is no д in font larm1000!
Missing character: There is no е in font larm1000!
Missing character: There is no н in font larm1000!
Missing character: There is no а in font larm1000!
Missing character: There is no б in font larm1000!
Missing character: There is no о in font larm1000!
Missing character: There is no р in font larm1000!
Missing character: There is no а in font larm1000!
Missing character: There is no л in font larm1000!
Missing character: There is no и in font larm1000!
Missing character: There is no н in font larm1000!
Missing character: There is no е in font larm1000!
Missing character: There is no й in font larm1000!
Missing character: There is no н in font larm1000!
Missing character: There is no о in font larm1000!
Missing character: There is no з in font larm1000!
Missing character: There is no а in font larm1000!
Missing character: There is no в in font larm1000!
Missing character: There is no и in font larm1000!
Missing character: There is no с in font larm1000!
Missing character: There is no и in font larm1000!
Missing character: There is no м in font larm1000!
Missing character: There is no ы in font larm1000!
Missing character: There is no х in font larm1000!
Missing character: There is no л in font larm1000!
Missing character: There is no и in font larm1000!
Missing character: There is no н in font larm1000!
Missing character: There is no е in font larm1000!
Missing character: There is no й in font larm1000!
Missing character: There is no н in font larm1000!
Missing character: There is no о in font larm1000!
Missing character: There is no н in font larm1000!
Missing character: There is no е in font larm1000!
Missing character: There is no з in font larm1000!
Missing character: There is no а in font larm1000!
Missing character: There is no в in font larm1000!
Missing character: There is no и in font larm1000!
Missing character: There is no с in font larm1000!
Missing character: There is no и in font larm1000!
Missing character: There is no м in font larm1000!
Missing character: There is no ы in font larm1000!
Missing character: There is no х in font larm1000!
Missing character: There is no к in font larm1000!
Missing character: There is no л in font larm1000!
Missing character: There is no а in font larm1000!
Missing character: There is no с in font larm1000!
Missing character: There is no с in font larm1000!
Missing character: There is no о in font larm1000!
Missing character: There is no в in font larm1000!
Missing character: There is no п in font larm1000!
Missing character: There is no а in font larm1000!
Missing character: There is no р in font larm1000!
Missing character: There is no а in font larm1000!
Missing character: There is no м in font larm1000!
Missing character: There is no е in font larm1000!
Missing character: There is no т in font larm1000!
Missing character: There is no р in font larm1000!
Missing character: There is no о in font larm1000!
Missing character: There is no в in font larm1000!
Missing character: There is no к in font larm1000!
Missing character: There is no а in font larm1000!
Missing character: There is no н in font larm1000!
Missing character: There is no а in font larm1000!
Missing character: There is no л in font larm1000!
Missing character: There is no о in font larm1000!
Missing character: There is no в in font larm1000!
Missing character: There is no н in font larm1000!
Missing character: There is no а in font larm1000!
Missing character: There is no б in font larm1000!
Missing character: There is no л in font larm1000!
Missing character: There is no ю in font larm1000!
Missing character: There is no д in font larm1000!
Missing character: There is no е in font larm1000!
Missing character: There is no н in font larm1000!
Missing character: There is no и in font larm1000!
Missing character: There is no я in font larm1000!
Missing character: There is no в in font larm1000!
Missing character: There is no ы in font larm1000!
Missing character: There is no ч in font larm1000!
Missing character: There is no и in font larm1000!
Missing character: There is no с in font larm1000!
Missing character: There is no л in font larm1000!
Missing character: There is no и in font larm1000!
Missing character: There is no т in font larm1000!
Missing character: There is no е in font larm1000!
Missing character: There is no л in font larm1000!
Missing character: There is no ь in font larm1000!
Missing character: There is no н in font larm1000!
Missing character: There is no ы in font larm1000!
Missing character: There is no е in font larm1000!
Missing character: There is no р in font larm1000!
Missing character: There is no е in font larm1000!
Missing character: There is no с in font larm1000!
Missing character: There is no у in font larm1000!
Missing character: There is no р in font larm1000!
Missing character: There is no с in font larm1000!
Missing character: There is no ы in font larm1000!
Missing character: There is no с in font larm1000!
Missing character: There is no е in font larm1000!
Missing character: There is no р in font larm1000!
Missing character: There is no в in font larm1000!
Missing character: There is no е in font larm1000!
Missing character: There is no р in font larm1000!
Missing character: There is no н in font larm1000!
Missing character: There is no о in font larm1000!
Missing character: There is no е in font larm1000!
Missing character: There is no о in font larm1000!
Missing character: There is no б in font larm1000!
Missing character: There is no о in font larm1000!
Missing character: There is no р in font larm1000!
Missing character: There is no у in font larm1000!
Missing character: There is no д in font larm1000!
Missing character: There is no о in font larm1000!
Missing character: There is no в in font larm1000!
Missing character: There is no а in font larm1000!
Missing character: There is no н in font larm1000!
Missing character: There is no и in font larm1000!
Missing character: There is no е in font larm1000!
Missing character: There is no с in font larm1000!
Missing character: There is no е in font larm1000!
Missing character: There is no т in font larm1000!
Missing character: There is no ь in font larm1000!
Missing character: There is no о in font larm1000!
Missing character: There is no б in font larm1000!
Missing character: There is no о in font larm1000!
Missing character: There is no р in font larm1000!
Missing character: There is no у in font larm1000!
Missing character: There is no д in font larm1000!
Missing character: There is no о in font larm1000!
Missing character: There is no в in font larm1000!
Missing character: There is no а in font larm1000!
Missing character: There is no н in font larm1000!
Missing character: There is no и in font larm1000!
Missing character: There is no е in font larm1000!
Missing character: There is no с in font larm1000!
Missing character: There is no о in font larm1000!
Missing character: There is no п in font larm1000!
Missing character: There is no р in font larm1000!
Missing character: There is no я in font larm1000!
Missing character: There is no ж in font larm1000!
Missing character: There is no е in font larm1000!
Missing character: There is no н in font larm1000!
Missing character: There is no н in font larm1000!
Missing character: There is no о in font larm1000!
Missing character: There is no е in font larm1000!
Missing character: There is no к in font larm1000!
Missing character: There is no о in font larm1000!
Missing character: There is no м in font larm1000!
Missing character: There is no м in font larm1000!
Missing character: There is no у in font larm1000!
Missing character: There is no т in font larm1000!
Missing character: There is no а in font larm1000!
Missing character: There is no ц in font larm1000!
Missing character: There is no и in font larm1000!
Missing character: There is no я in font larm1000!
Missing character: There is no т in font larm1000!
Missing character: There is no е in font larm1000!
Missing character: There is no х in font larm1000!
Missing character: There is no н in font larm1000!
Missing character: There is no и in font larm1000!
Missing character: There is no ч in font larm1000!
Missing character: There is no е in font larm1000!
Missing character: There is no с in font larm1000!
Missing character: There is no и in font larm1000!
Missing character: There is no е in font larm1000!
Missing character: There is no с in font larm1000!
Missing character: There is no р in font larm1000!
Missing character: There is no е in font larm1000!
Missing character: There is no д in font larm1000!
Missing character: There is no с in font larm1000!
Missing character: There is no т in font larm1000!
Missing character: There is no в in font larm1000!
Missing character: There is no а in font larm1000!
Missing character: There is no Э in font larm1000!
Missing character: There is no В in font larm1000!
Missing character: There is no М in font larm1000!
Missing character: There is no и in font larm1000!
Missing character: There is no т in font larm1000!
Missing character: There is no д in font larm1000!
Missing character: There is no В in font larm1000!
Missing character: There is no з in font larm1000!
Missing character: There is no а in font larm1000!
Missing character: There is no и in font larm1000!
Missing character: There is no м in font larm1000!
Missing character: There is no о in font larm1000!
Missing character: There is no д in font larm1000!
Missing character: There is no е in font larm1000!
Missing character: There is no й in font larm1000!
Missing character: There is no с in font larm1000!
Missing character: There is no т in font larm1000!
Missing character: There is no в in font larm1000!
Missing character: There is no и in font larm1000!
Missing character: There is no я in font larm1000!
Missing character: There is no м in font larm1000!
Missing character: There is no е in font larm1000!
Missing character: There is no ж in font larm1000!
Missing character: There is no д in font larm1000!
Missing character: There is no у in font larm1000!
Missing character: There is no п in font larm1000!
Missing character: There is no а in font larm1000!
Missing character: There is no р in font larm1000!
Missing character: There is no а in font larm1000!
Missing character: There is no м in font larm1000!
Missing character: There is no е in font larm1000!
Missing character: There is no т in font larm1000!
Missing character: There is no р in font larm1000!
Missing character: There is no а in font larm1000!
Missing character: There is no м in font larm1000!
Missing character: There is no и in font larm1000!
Missing character: There is no и in font larm1000!
Missing character: There is no з in font larm1000!
Missing character: There is no м in font larm1000!
Missing character: There is no е in font larm1000!
Missing character: There is no р in font larm1000!
Missing character: There is no я in font larm1000!
Missing character: There is no е in font larm1000!
Missing character: There is no т in font larm1000!
Missing character: There is no с in font larm1000!
Missing character: There is no я in font larm1000!
Missing character: There is no с in font larm1000!
Missing character: There is no о in font larm1000!
Missing character: There is no г in font larm1000!
Missing character: There is no л in font larm1000!
Missing character: There is no а in font larm1000!
Missing character: There is no с in font larm1000!
Missing character: There is no н in font larm1000!
Missing character: There is no о in font larm1000!
Missing character: There is no с in font larm1000!
Missing character: There is no л in font larm1000!
Missing character: There is no е in font larm1000!
Missing character: There is no д in font larm1000!
Missing character: There is no у in font larm1000!
Missing character: There is no ю in font larm1000!
Missing character: There is no щ in font larm1000!
Missing character: There is no е in font larm1000!
Missing character: There is no й in font larm1000!
Missing character: There is no ф in font larm1000!
Missing character: There is no о in font larm1000!
Missing character: There is no р in font larm1000!
Missing character: There is no м in font larm1000!
Missing character: There is no у in font larm1000!
Missing character: There is no л in font larm1000!
Missing character: There is no е in font larm1000!
Missing character: There is no п in font larm1000!
Missing character: There is no о in font larm1000!
Missing character: There is no а in font larm1000!
Missing character: There is no л in font larm1000!
Missing character: There is no г in font larm1000!
Missing character: There is no о in font larm1000!
Missing character: There is no р in font larm1000!
Missing character: There is no и in font larm1000!
Missing character: There is no т in font larm1000!
Missing character: There is no м in font larm1000!
Missing character: There is no у in font larm1000!
Missing character: There is no к in font larm1000!
Missing character: There is no в in font larm1000!
Missing character: There is no а in font larm1000!
Missing character: There is no д in font larm1000!
Missing character: There is no р in font larm1000!
Missing character: There is no а in font larm1000!
Missing character: There is no т in font larm1000!
Missing character: There is no и in font larm1000!
Missing character: There is no ч in font larm1000!
Missing character: There is no н in font larm1000!
Missing character: There is no о in font larm1000!
Missing character: There is no й in font larm1000!
Missing character: There is no р in font larm1000!
Missing character: There is no е in font larm1000!
Missing character: There is no г in font larm1000!
Missing character: There is no р in font larm1000!
Missing character: There is no е in font larm1000!
Missing character: There is no с in font larm1000!
Missing character: There is no с in font larm1000!
Missing character: There is no и in font larm1000!
Missing character: There is no и in font larm1000!
Missing character: There is no В in font larm1000!
Missing character: There is no е in font larm1000!
Missing character: There is no с in font larm1000!
Missing character: There is no а in font larm1000!
Missing character: There is no о in font larm1000!
Missing character: There is no п in font larm1000!
Missing character: There is no р in font larm1000!
Missing character: There is no е in font larm1000!
Missing character: There is no д in font larm1000!
Missing character: There is no е in font larm1000!
Missing character: There is no л in font larm1000!
Missing character: There is no я in font larm1000!
Missing character: There is no ю in font larm1000!
Missing character: There is no т in font larm1000!
Missing character: There is no с in font larm1000!
Missing character: There is no я in font larm1000!
Missing character: There is no н in font larm1000!
Missing character: There is no и in font larm1000!
Missing character: There is no з in font larm1000!
Missing character: There is no к in font larm1000!
Missing character: There is no о in font larm1000!
Missing character: There is no р in font larm1000!
Missing character: There is no а in font larm1000!
Missing character: There is no н in font larm1000!
Missing character: There is no г in font larm1000!
Missing character: There is no о in font larm1000!
Missing character: There is no в in font larm1000!
Missing character: There is no ы in font larm1000!
Missing character: There is no м in font larm1000!
Missing character: There is no м in font larm1000!
Missing character: There is no а in font larm1000!
Missing character: There is no т in font larm1000!
Missing character: There is no р in font larm1000!
Missing character: There is no и in font larm1000!
Missing character: There is no ч in font larm1000!
Missing character: There is no н in font larm1000!
Missing character: There is no ы in font larm1000!
Missing character: There is no м in font larm1000!
Missing character: There is no р in font larm1000!
Missing character: There is no а in font larm1000!
Missing character: There is no з in font larm1000!
Missing character: There is no л in font larm1000!
Missing character: There is no о in font larm1000!
Missing character: There is no ж in font larm1000!
Missing character: There is no е in font larm1000!
Missing character: There is no н in font larm1000!
Missing character: There is no и in font larm1000!
Missing character: There is no е in font larm1000!
Missing character: There is no м in font larm1000!
Missing character: There is no С in font larm1000!
Missing character: There is no т in font larm1000!
Missing character: There is no е in font larm1000!
Missing character: There is no п in font larm1000!
Missing character: There is no е in font larm1000!
Missing character: There is no н in font larm1000!
Missing character: There is no ь in font larm1000!
Missing character: There is no п in font larm1000!
Missing character: There is no р in font larm1000!
Missing character: There is no и in font larm1000!
Missing character: There is no н in font larm1000!
Missing character: There is no а in font larm1000!
Missing character: There is no д in font larm1000!
Missing character: There is no л in font larm1000!
Missing character: There is no е in font larm1000!
Missing character: There is no ж in font larm1000!
Missing character: There is no н in font larm1000!
Missing character: There is no о in font larm1000!
Missing character: There is no с in font larm1000!
Missing character: There is no т in font larm1000!
Missing character: There is no и in font larm1000!
Missing character: There is no о in font larm1000!
Missing character: There is no п in font larm1000!
Missing character: There is no р in font larm1000!
Missing character: There is no е in font larm1000!
Missing character: There is no д in font larm1000!
Missing character: There is no е in font larm1000!
Missing character: There is no л in font larm1000!
Missing character: There is no я in font larm1000!
Missing character: There is no е in font larm1000!
Missing character: There is no т in font larm1000!
Missing character: There is no с in font larm1000!
Missing character: There is no я in font larm1000!
Missing character: There is no н in font larm1000!
Missing character: There is no а in font larm1000!
Missing character: There is no о in font larm1000!
Missing character: There is no с in font larm1000!
Missing character: There is no н in font larm1000!
Missing character: There is no о in font larm1000!
Missing character: There is no в in font larm1000!
Missing character: There is no е in font larm1000!
Missing character: There is no р in font larm1000!
Missing character: There is no а in font larm1000!
Missing character: There is no н in font larm1000!
Missing character: There is no г in font larm1000!
Missing character: There is no о in font larm1000!
Missing character: There is no в in font larm1000!
Missing character: There is no п in font larm1000!
Missing character: There is no р in font larm1000!
Missing character: There is no и in font larm1000!
Missing character: There is no н in font larm1000!
Missing character: There is no а in font larm1000!
Missing character: There is no д in font larm1000!
Missing character: There is no л in font larm1000!
Missing character: There is no е in font larm1000!
Missing character: There is no ж in font larm1000!
Missing character: There is no н in font larm1000!
Missing character: There is no о in font larm1000!
Missing character: There is no с in font larm1000!
Missing character: There is no т in font larm1000!
Missing character: There is no и in font larm1000!
Missing character: There is no и in font larm1000!
Missing character: There is no о in font larm1000!
Missing character: There is no п in font larm1000!
Missing character: There is no р in font larm1000!
Missing character: There is no е in font larm1000!
Missing character: There is no д in font larm1000!
Missing character: There is no е in font larm1000!
Missing character: There is no л in font larm1000!
Missing character: There is no я in font larm1000!
Missing character: There is no е in font larm1000!
Missing character: There is no т in font larm1000!
Missing character: There is no с in font larm1000!
Missing character: There is no я in font larm1000!
Missing character: There is no н in font larm1000!
Missing character: There is no а in font larm1000!
Missing character: There is no о in font larm1000!
Missing character: There is no с in font larm1000!
Missing character: There is no н in font larm1000!
Missing character: There is no о in font larm1000!
Missing character: There is no в in font larm1000!
Missing character: There is no е in font larm1000!
Missing character: There is no с in font larm1000!
Missing character: There is no о in font larm1000!
Missing character: There is no о in font larm1000!
Missing character: There is no т in font larm1000!
Missing character: There is no н in font larm1000!
Missing character: There is no о in font larm1000!
Missing character: There is no ш in font larm1000!
Missing character: There is no е in font larm1000!
Missing character: There is no н in font larm1000!
Missing character: There is no и in font larm1000!
Missing character: There is no й in font larm1000!
Missing character: There is no с in font larm1000!
Missing character: There is no л in font larm1000!
Missing character: There is no е in font larm1000!
Missing character: There is no д in font larm1000!
Missing character: There is no у in font larm1000!
Missing character: There is no ю in font larm1000!
Missing character: There is no щ in font larm1000!
Missing character: There is no е in font larm1000!
Missing character: There is no й in font larm1000!
Missing character: There is no с in font larm1000!
Missing character: There is no и in font larm1000!
Missing character: There is no с in font larm1000!
Missing character: There is no т in font larm1000!
Missing character: There is no е in font larm1000!
Missing character: There is no м in font larm1000!
Missing character: There is no ы in font larm1000!
Missing character: There is no Л in font larm1000!
Missing character: There is no и in font larm1000!
Missing character: There is no н in font larm1000!
Missing character: There is no е in font larm1000!
Missing character: There is no й in font larm1000!
Missing character: There is no н in font larm1000!
Missing character: There is no а in font larm1000!
Missing character: There is no я in font larm1000!
Missing character: There is no м in font larm1000!
Missing character: There is no о in font larm1000!
Missing character: There is no д in font larm1000!
Missing character: There is no е in font larm1000!
Missing character: There is no л in font larm1000!
Missing character: There is no ь in font larm1000!
Missing character: There is no р in font larm1000!
Missing character: There is no а in font larm1000!
Missing character: There is no н in font larm1000!
Missing character: There is no ж in font larm1000!
Missing character: There is no и in font larm1000!
Missing character: There is no р in font larm1000!
Missing character: There is no о in font larm1000!
Missing character: There is no в in font larm1000!
Missing character: There is no а in font larm1000!
Missing character: There is no н in font larm1000!
Missing character: There is no и in font larm1000!
Missing character: There is no я in font larm1000!
Missing character: There is no г in font larm1000!
Missing character: There is no д in font larm1000!
Missing character: There is no е in font larm1000!
Missing character: There is no в in font larm1000!
Missing character: There is no е in font larm1000!
Missing character: There is no к in font larm1000!
Missing character: There is no т in font larm1000!
Missing character: There is no о in font larm1000!
Missing character: There is no р in font larm1000!
Missing character: There is no п in font larm1000!
Missing character: There is no р in font larm1000!
Missing character: There is no и in font larm1000!
Missing character: There is no з in font larm1000!
Missing character: There is no н in font larm1000!
Missing character: There is no а in font larm1000!
Missing character: There is no к in font larm1000!
Missing character: There is no о in font larm1000!
Missing character: There is no в in font larm1000!
Missing character: There is no о in font larm1000!
Missing character: There is no б in font larm1000!
Missing character: There is no ъ in font larm1000!
Missing character: There is no е in font larm1000!
Missing character: There is no к in font larm1000!
Missing character: There is no т in font larm1000!
Missing character: There is no а in font larm1000!
Missing character: There is no О in font larm1000!
Missing character: There is no б in font larm1000!
Missing character: There is no у in font larm1000!
Missing character: There is no ч in font larm1000!
Missing character: There is no а in font larm1000!
Missing character: There is no ю in font larm1000!
Missing character: There is no щ in font larm1000!
Missing character: There is no а in font larm1000!
Missing character: There is no я in font larm1000!
Missing character: There is no в in font larm1000!
Missing character: There is no ы in font larm1000!
Missing character: There is no б in font larm1000!
Missing character: There is no о in font larm1000!
Missing character: There is no р in font larm1000!
Missing character: There is no к in font larm1000!
Missing character: There is no а in font larm1000!
Missing character: There is no г in font larm1000!
Missing character: There is no д in font larm1000!
Missing character: There is no е in font larm1000!
Missing character: There is no Ф in font larm1000!
Missing character: There is no у in font larm1000!
Missing character: There is no н in font larm1000!
Missing character: There is no к in font larm1000!
Missing character: There is no ц in font larm1000!
Missing character: There is no и in font larm1000!
Missing character: There is no я in font larm1000!
Missing character: There is no р in font larm1000!
Missing character: There is no а in font larm1000!
Missing character: There is no н in font larm1000!
Missing character: There is no ж in font larm1000!
Missing character: There is no и in font larm1000!
Missing character: There is no р in font larm1000!
Missing character: There is no о in font larm1000!
Missing character: There is no в in font larm1000!
Missing character: There is no а in font larm1000!
Missing character: There is no н in font larm1000!
Missing character: There is no и in font larm1000!
Missing character: There is no я in font larm1000!
Missing character: There is no с in font larm1000!
Missing character: There is no п in font larm1000!
Missing character: There is no а in font larm1000!
Missing character: There is no р in font larm1000!
Missing character: There is no а in font larm1000!
Missing character: There is no м in font larm1000!
Missing character: There is no е in font larm1000!
Missing character: There is no т in font larm1000!
Missing character: There is no р in font larm1000!
Missing character: There is no а in font larm1000!
Missing character: There is no м in font larm1000!
Missing character: There is no и in font larm1000!
Missing character: There is no и in font larm1000!
Missing character: There is no п in font larm1000!
Missing character: There is no о in font larm1000!
Missing character: There is no р in font larm1000!
Missing character: There is no о in font larm1000!
Missing character: There is no г in font larm1000!
Missing character: There is no а in font larm1000!
Missing character: There is no м in font larm1000!
Missing character: There is no и in font larm1000!
Missing character: There is no Р in font larm1000!
Missing character: There is no а in font larm1000!
Missing character: There is no н in font larm1000!
Missing character: There is no г in font larm1000!
Missing character: There is no о in font larm1000!
Missing character: There is no в in font larm1000!
Missing character: There is no а in font larm1000!
Missing character: There is no я in font larm1000!
Missing character: There is no м in font larm1000!
Missing character: There is no о in font larm1000!
Missing character: There is no д in font larm1000!
Missing character: There is no е in font larm1000!
Missing character: There is no л in font larm1000!
Missing character: There is no ь in font larm1000!
Missing character: There is no к in font larm1000!
Missing character: There is no а in font larm1000!
Missing character: There is no к in font larm1000!
Missing character: There is no ч in font larm1000!
Missing character: There is no а in font larm1000!
Missing character: There is no с in font larm1000!
Missing character: There is no т in font larm1000!
Missing character: There is no н in font larm1000!
Missing character: There is no ы in font larm1000!
Missing character: There is no й in font larm1000!
Missing character: There is no с in font larm1000!
Missing character: There is no л in font larm1000!
Missing character: There is no у in font larm1000!
Missing character: There is no ч in font larm1000!
Missing character: There is no а in font larm1000!
Missing character: There is no й in font larm1000!
Missing character: There is no л in font larm1000!
Missing character: There is no и in font larm1000!
Missing character: There is no н in font larm1000!
Missing character: There is no е in font larm1000!
Missing character: There is no й in font larm1000!
Missing character: There is no н in font larm1000!
Missing character: There is no о in font larm1000!
Missing character: There is no й in font larm1000!
Missing character: There is no м in font larm1000!
Missing character: There is no о in font larm1000!
Missing character: There is no д in font larm1000!
Missing character: There is no е in font larm1000!
Missing character: There is no л in font larm1000!
Missing character: There is no и in font larm1000!
Missing character: There is no с in font larm1000!
Missing character: There is no у in font larm1000!
Missing character: There is no м in font larm1000!
Missing character: There is no м in font larm1000!
Missing character: There is no а in font larm1000!
Missing character: There is no р in font larm1000!
Missing character: There is no а in font larm1000!
Missing character: There is no с in font larm1000!
Missing character: There is no с in font larm1000!
Missing character: There is no ч in font larm1000!
Missing character: There is no и in font larm1000!
Missing character: There is no т in font larm1000!
Missing character: There is no ы in font larm1000!
Missing character: There is no в in font larm1000!
Missing character: There is no а in font larm1000!
Missing character: There is no е in font larm1000!
Missing character: There is no т in font larm1000!
Missing character: There is no с in font larm1000!
Missing character: There is no я in font larm1000!
Missing character: There is no п in font larm1000!
Missing character: There is no о in font larm1000!
Missing character: There is no д in font larm1000!
Missing character: There is no в in font larm1000!
Missing character: There is no у in font larm1000!
Missing character: There is no м in font larm1000!
Missing character: There is no п in font larm1000!
Missing character: There is no о in font larm1000!
Missing character: There is no р in font larm1000!
Missing character: There is no о in font larm1000!
Missing character: There is no г in font larm1000!
Missing character: There is no а in font larm1000!
Missing character: There is no м in font larm1000!
Missing character: There is no с in font larm1000!
Missing character: There is no ф in font larm1000!
Missing character: There is no у in font larm1000!
Missing character: There is no н in font larm1000!
Missing character: There is no к in font larm1000!
Missing character: There is no ц in font larm1000!
Missing character: There is no и in font larm1000!
Missing character: There is no е in font larm1000!
Missing character: There is no й in font larm1000!
Missing character: There is no п in font larm1000!
Missing character: There is no о in font larm1000!
Missing character: There is no т in font larm1000!
Missing character: There is no е in font larm1000!
Missing character: There is no р in font larm1000!
Missing character: There is no ь in font larm1000!
Missing character: There is no в in font larm1000!
Missing character: There is no и in font larm1000!
Missing character: There is no д in font larm1000!
Missing character: There is no а in font larm1000!
Missing character: There is no З in font larm1000!
Missing character: There is no а in font larm1000!
Missing character: There is no д in font larm1000!
Missing character: There is no а in font larm1000!
Missing character: There is no ч in font larm1000!
Missing character: There is no а in font larm1000!
Missing character: There is no к in font larm1000!
Missing character: There is no в in font larm1000!
Missing character: There is no а in font larm1000!
Missing character: There is no д in font larm1000!
Missing character: There is no р in font larm1000!
Missing character: There is no а in font larm1000!
Missing character: There is no т in font larm1000!
Missing character: There is no и in font larm1000!
Missing character: There is no ч in font larm1000!
Missing character: There is no н in font larm1000!
Missing character: There is no о in font larm1000!
Missing character: There is no г in font larm1000!
Missing character: There is no о in font larm1000!
Missing character: There is no п in font larm1000!
Missing character: There is no р in font larm1000!
Missing character: There is no о in font larm1000!
Missing character: There is no г in font larm1000!
Missing character: There is no р in font larm1000!
Missing character: There is no а in font larm1000!
Missing character: There is no м in font larm1000!
Missing character: There is no м in font larm1000!
Missing character: There is no и in font larm1000!
Missing character: There is no р in font larm1000!
Missing character: There is no о in font larm1000!
Missing character: There is no в in font larm1000!
Missing character: There is no а in font larm1000!
Missing character: There is no н in font larm1000!
Missing character: There is no и in font larm1000!
Missing character: There is no я in font larm1000!
Missing character: There is no к in font larm1000!
Missing character: There is no к in font larm1000!
Missing character: There is no о in font larm1000!
Missing character: There is no т in font larm1000!
Missing character: There is no о in font larm1000!
Missing character: There is no р in font larm1000!
Missing character: There is no о in font larm1000!
Missing character: There is no м in font larm1000!
Missing character: There is no у in font larm1000!
Missing character: There is no м in font larm1000!
Missing character: There is no о in font larm1000!
Missing character: There is no ж in font larm1000!
Missing character: There is no н in font larm1000!
Missing character: There is no о in font larm1000!
Missing character: There is no п in font larm1000!
Missing character: There is no р in font larm1000!
Missing character: There is no и in font larm1000!
Missing character: There is no в in font larm1000!
Missing character: There is no е in font larm1000!
Missing character: There is no с in font larm1000!
Missing character: There is no т in font larm1000!
Missing character: There is no и in font larm1000!
Missing character: There is no в in font larm1000!
Missing character: There is no ы in font larm1000!
Missing character: There is no р in font larm1000!
Missing character: There is no а in font larm1000!
Missing character: There is no ж in font larm1000!
Missing character: There is no е in font larm1000!
Missing character: There is no н in font larm1000!
Missing character: There is no и in font larm1000!
Missing character: There is no е in font larm1000!
Missing character: There is no п in font larm1000!
Missing character: There is no р in font larm1000!
Missing character: There is no и in font larm1000!
Missing character: There is no м in font larm1000!
Missing character: There is no е in font larm1000!
Missing character: There is no т in font larm1000!
Missing character: There is no в in font larm1000!
Missing character: There is no и in font larm1000!
Missing character: There is no д in font larm1000!
Missing character: There is no Д in font larm1000!
Missing character: There is no в in font larm1000!
Missing character: There is no о in font larm1000!
Missing character: There is no й in font larm1000!
Missing character: There is no с in font larm1000!
Missing character: There is no т in font larm1000!
Missing character: There is no в in font larm1000!
Missing character: There is no е in font larm1000!
Missing character: There is no н in font larm1000!
Missing character: There is no н in font larm1000!
Missing character: There is no а in font larm1000!
Missing character: There is no я in font larm1000!
Missing character: There is no з in font larm1000!
Missing character: There is no а in font larm1000!
Missing character: There is no д in font larm1000!
Missing character: There is no а in font larm1000!
Missing character: There is no ч in font larm1000!
Missing character: There is no а in font larm1000!
Missing character: There is no п in font larm1000!
Missing character: There is no р in font larm1000!
Missing character: There is no и in font larm1000!
Missing character: There is no п in font larm1000!
Missing character: There is no р in font larm1000!
Missing character: There is no и in font larm1000!
Missing character: There is no М in font larm1000!
Missing character: There is no о in font larm1000!
Missing character: There is no д in font larm1000!
Missing character: There is no е in font larm1000!
Missing character: There is no л in font larm1000!
Missing character: There is no ь in font larm1000!
Missing character: There is no р in font larm1000!
Missing character: There is no а in font larm1000!
Missing character: There is no н in font larm1000!
Missing character: There is no ж in font larm1000!
Missing character: There is no и in font larm1000!
Missing character: There is no р in font larm1000!
Missing character: There is no о in font larm1000!
Missing character: There is no в in font larm1000!
Missing character: There is no а in font larm1000!
Missing character: There is no н in font larm1000!
Missing character: There is no и in font larm1000!
Missing character: There is no я in font larm1000!
Missing character: There is no п in font larm1000!
Missing character: There is no о in font larm1000!
Missing character: There is no с in font larm1000!
Missing character: There is no л in font larm1000!
Missing character: There is no е in font larm1000!
Missing character: There is no р in font larm1000!
Missing character: There is no е in font larm1000!
Missing character: There is no ш in font larm1000!
Missing character: There is no е in font larm1000!
Missing character: There is no н in font larm1000!
Missing character: There is no и in font larm1000!
Missing character: There is no я in font larm1000!
Missing character: There is no д in font larm1000!
Missing character: There is no в in font larm1000!
Missing character: There is no о in font larm1000!
Missing character: There is no й in font larm1000!
Missing character: There is no с in font larm1000!
Missing character: There is no т in font larm1000!
Missing character: There is no в in font larm1000!
Missing character: There is no е in font larm1000!
Missing character: There is no н in font larm1000!
Missing character: There is no н in font larm1000!
Missing character: There is no о in font larm1000!
Missing character: There is no й in font larm1000!
Missing character: There is no з in font larm1000!
Missing character: There is no а in font larm1000!
Missing character: There is no д in font larm1000!
Missing character: There is no а in font larm1000!
Missing character: There is no ч in font larm1000!
Missing character: There is no и in font larm1000!
Package babel Info: Redefining russian shorthand "|
(babel)             in language  on input line 238.
Package babel Info: Redefining russian shorthand "~
(babel)             in language  on input line 238.
Package babel Info: Redefining russian shorthand "|
(babel)             in language  on input line 238.
Package babel Info: Redefining russian shorthand "~
(babel)             in language  on input line 238.
 [3]
Missing character: There is no В in font larm1000!
Missing character: There is no т in font larm1000!
Missing character: There is no а in font larm1000!
Missing character: There is no к in font larm1000!
Missing character: There is no о in font larm1000!
Missing character: There is no й in font larm1000!
Missing character: There is no з in font larm1000!
Missing character: There is no а in font larm1000!
Missing character: There is no д in font larm1000!
Missing character: There is no а in font larm1000!
Missing character: There is no ч in font larm1000!
Missing character: There is no е in font larm1000!
Missing character: There is no ф in font larm1000!
Missing character: There is no у in font larm1000!
Missing character: There is no н in font larm1000!
Missing character: There is no к in font larm1000!
Missing character: There is no ц in font larm1000!
Missing character: There is no и in font larm1000!
Missing character: There is no о in font larm1000!
Missing character: There is no н in font larm1000!
Missing character: There is no а in font larm1000!
Missing character: There is no л in font larm1000!
Missing character: There is no я in font larm1000!
Missing character: There is no в in font larm1000!
Missing character: There is no л in font larm1000!
Missing character: There is no я in font larm1000!
Missing character: There is no е in font larm1000!
Missing character: There is no т in font larm1000!
Missing character: There is no с in font larm1000!
Missing character: There is no я in font larm1000!
Missing character: There is no в in font larm1000!
Missing character: There is no ы in font larm1000!
Missing character: There is no п in font larm1000!
Missing character: There is no у in font larm1000!
Missing character: There is no к in font larm1000!
Missing character: There is no л in font larm1000!
Missing character: There is no ы in font larm1000!
Missing character: There is no м in font larm1000!
Missing character: There is no к in font larm1000!
Missing character: There is no а in font larm1000!
Missing character: There is no к in font larm1000!
Missing character: There is no с in font larm1000!
Missing character: There is no л in font larm1000!
Missing character: There is no е in font larm1000!
Missing character: There is no д in font larm1000!
Missing character: There is no с in font larm1000!
Missing character: There is no т in font larm1000!
Missing character: There is no в in font larm1000!
Missing character: There is no и in font larm1000!
Missing character: There is no е in font larm1000!
Missing character: There is no и in font larm1000!
Missing character: There is no м in font larm1000!
Missing character: There is no е in font larm1000!
Missing character: There is no е in font larm1000!
Missing character: There is no т in font larm1000!
Missing character: There is no е in font larm1000!
Missing character: There is no д in font larm1000!
Missing character: There is no и in font larm1000!
Missing character: There is no н in font larm1000!
Missing character: There is no с in font larm1000!
Missing character: There is no т in font larm1000!
Missing character: There is no в in font larm1000!
Missing character: There is no е in font larm1000!
Missing character: There is no н in font larm1000!
Missing character: There is no н in font larm1000!
Missing character: There is no о in font larm1000!
Missing character: There is no е in font larm1000!
Missing character: There is no р in font larm1000!
Missing character: There is no е in font larm1000!
Missing character: There is no ш in font larm1000!
Missing character: There is no е in font larm1000!
Missing character: There is no н in font larm1000!
Missing character: There is no и in font larm1000!
Missing character: There is no е in font larm1000!
Missing character: There is no М in font larm1000!
Missing character: There is no н in font larm1000!
Missing character: There is no о in font larm1000!
Missing character: There is no ж in font larm1000!
Missing character: There is no и in font larm1000!
Missing character: There is no т in font larm1000!
Missing character: There is no е in font larm1000!
Missing character: There is no л in font larm1000!
Missing character: There is no ь in font larm1000!
Missing character: There is no о in font larm1000!
Missing character: There is no т in font larm1000!
Missing character: There is no о in font larm1000!
Missing character: There is no б in font larm1000!
Missing character: There is no р in font larm1000!
Missing character: There is no а in font larm1000!
Missing character: There is no ж in font larm1000!
Missing character: There is no а in font larm1000!
Missing character: There is no е in font larm1000!
Missing character: There is no т in font larm1000!
Missing character: There is no в in font larm1000!
Missing character: There is no о in font larm1000!
Missing character: There is no з in font larm1000!
Missing character: There is no м in font larm1000!
Missing character: There is no о in font larm1000!
Missing character: There is no ж in font larm1000!
Missing character: There is no н in font larm1000!
Missing character: There is no ы in font larm1000!
Missing character: There is no е in font larm1000!
Missing character: There is no н in font larm1000!
Missing character: There is no е in font larm1000!
Missing character: There is no л in font larm1000!
Missing character: There is no и in font larm1000!
Missing character: There is no н in font larm1000!
Missing character: There is no е in font larm1000!
Missing character: There is no й in font larm1000!
Missing character: There is no н in font larm1000!
Missing character: There is no ы in font larm1000!
Missing character: There is no е in font larm1000!
Missing character: There is no о in font larm1000!
Missing character: There is no б in font larm1000!
Missing character: There is no о in font larm1000!
Missing character: There is no б in font larm1000!
Missing character: There is no щ in font larm1000!
Missing character: There is no е in font larm1000!
Missing character: There is no н in font larm1000!
Missing character: There is no и in font larm1000!
Missing character: There is no я in font larm1000!
Missing character: There is no Р in font larm1000!
Missing character: There is no е in font larm1000!
Missing character: There is no ш in font larm1000!
Missing character: There is no е in font larm1000!
Missing character: There is no н in font larm1000!
Missing character: There is no и in font larm1000!
Missing character: There is no е in font larm1000!
Missing character: There is no б in font larm1000!
Missing character: There is no у in font larm1000!
Missing character: There is no д in font larm1000!
Missing character: There is no е in font larm1000!
Missing character: There is no т in font larm1000!
Missing character: There is no р in font larm1000!
Missing character: There is no а in font larm1000!
Missing character: There is no з in font larm1000!
Missing character: There is no р in font larm1000!
Missing character: There is no е in font larm1000!
Missing character: There is no ж in font larm1000!
Missing character: There is no е in font larm1000!
Missing character: There is no н in font larm1000!
Missing character: There is no н in font larm1000!
Missing character: There is no ы in font larm1000!
Missing character: There is no м in font larm1000!
Missing character: There is no и in font larm1000!
Missing character: There is no з in font larm1000!
Missing character: There is no а in font larm1000!
Missing character: There is no в in font larm1000!
Missing character: There is no и in font larm1000!
Missing character: There is no с in font larm1000!
Missing character: There is no и in font larm1000!
Missing character: There is no т in font larm1000!
Missing character: There is no ь in font larm1000!
Missing character: There is no т in font larm1000!
Missing character: There is no о in font larm1000!
Missing character: There is no л in font larm1000!
Missing character: There is no ь in font larm1000!
Missing character: There is no к in font larm1000!
Missing character: There is no о in font larm1000!
Missing character: There is no о in font larm1000!
Missing character: There is no т in font larm1000!
Missing character: There is no о in font larm1000!
Missing character: There is no п in font larm1000!
Missing character: There is no о in font larm1000!
Missing character: There is no р in font larm1000!
Missing character: There is no н in font larm1000!
Missing character: There is no ы in font larm1000!
Missing character: There is no х in font larm1000!
Missing character: There is no в in font larm1000!
Missing character: There is no е in font larm1000!
Missing character: There is no к in font larm1000!
Missing character: There is no т in font larm1000!
Missing character: There is no о in font larm1000!
Missing character: There is no р in font larm1000!
Missing character: There is no о in font larm1000!
Missing character: There is no в in font larm1000!
Missing character: There is no г in font larm1000!
Missing character: There is no д in font larm1000!
Missing character: There is no е in font larm1000!
Missing character: There is no п in font larm1000!
Missing character: There is no а in font larm1000!
Missing character: There is no р in font larm1000!
Missing character: There is no а in font larm1000!
Missing character: There is no м in font larm1000!
Missing character: There is no е in font larm1000!
Missing character: There is no т in font larm1000!
Missing character: There is no р in font larm1000!
Missing character: There is no и in font larm1000!
Missing character: There is no ч in font larm1000!
Missing character: There is no е in font larm1000!
Missing character: There is no с in font larm1000!
Missing character: There is no к in font larm1000!
Missing character: There is no а in font larm1000!
Missing character: There is no я in font larm1000!
Missing character: There is no м in font larm1000!
Missing character: There is no о in font larm1000!
Missing character: There is no д in font larm1000!
Missing character: There is no е in font larm1000!
Missing character: There is no л in font larm1000!
Missing character: There is no ь in font larm1000!
Missing character: There is no р in font larm1000!
Missing character: There is no а in font larm1000!
Missing character: There is no н in font larm1000!
Missing character: There is no ж in font larm1000!
Missing character: There is no и in font larm1000!
Missing character: There is no р in font larm1000!
Missing character: There is no о in font larm1000!
Missing character: There is no в in font larm1000!
Missing character: There is no а in font larm1000!
Missing character: There is no н in font larm1000!
Missing character: There is no и in font larm1000!
Missing character: There is no я in font larm1000!
Missing character: There is no В in font larm1000!
Missing character: There is no а in font larm1000!
Missing character: There is no ж in font larm1000!
Missing character: There is no н in font larm1000!
Missing character: There is no ы in font larm1000!
Missing character: There is no м in font larm1000!
Missing character: There is no п in font larm1000!
Missing character: There is no у in font larm1000!
Missing character: There is no н in font larm1000!
Missing character: There is no к in font larm1000!
Missing character: There is no т in font larm1000!
Missing character: There is no о in font larm1000!
Missing character: There is no м in font larm1000!
Missing character: There is no я in font larm1000!
Missing character: There is no в in font larm1000!
Missing character: There is no л in font larm1000!
Missing character: There is no я in font larm1000!
Missing character: There is no е in font larm1000!
Missing character: There is no т in font larm1000!
Missing character: There is no с in font larm1000!
Missing character: There is no я in font larm1000!
Missing character: There is no ч in font larm1000!
Missing character: There is no т in font larm1000!
Missing character: There is no о in font larm1000!
Missing character: There is no п in font larm1000!
Missing character: There is no а in font larm1000!
Missing character: There is no р in font larm1000!
Missing character: There is no а in font larm1000!
Missing character: There is no м in font larm1000!
Missing character: There is no е in font larm1000!
Missing character: There is no т in font larm1000!
Missing character: There is no р in font larm1000!
Missing character: There is no и in font larm1000!
Missing character: There is no ч in font larm1000!
Missing character: There is no е in font larm1000!
Missing character: There is no с in font larm1000!
Missing character: There is no к in font larm1000!
Missing character: There is no а in font larm1000!
Missing character: There is no я in font larm1000!
Missing character: There is no м in font larm1000!
Missing character: There is no о in font larm1000!
Missing character: There is no д in font larm1000!
Missing character: There is no е in font larm1000!
Missing character: There is no л in font larm1000!
Missing character: There is no ь in font larm1000!
Missing character: There is no р in font larm1000!
Missing character: There is no а in font larm1000!
Missing character: There is no н in font larm1000!
Missing character: There is no ж in font larm1000!
Missing character: There is no и in font larm1000!
Missing character: There is no р in font larm1000!
Missing character: There is no о in font larm1000!
Missing character: There is no в in font larm1000!
Missing character: There is no а in font larm1000!
Missing character: There is no н in font larm1000!
Missing character: There is no и in font larm1000!
Missing character: There is no я in font larm1000!
Missing character: There is no в in font larm1000!
Missing character: There is no л in font larm1000!
Missing character: There is no и in font larm1000!
Missing character: There is no я in font larm1000!
Missing character: There is no е in font larm1000!
Missing character: There is no т in font larm1000!
Missing character: There is no н in font larm1000!
Missing character: There is no а in font larm1000!
Missing character: There is no д in font larm1000!
Missing character: There is no е in font larm1000!
Missing character: There is no л in font larm1000!
Missing character: There is no е in font larm1000!
Missing character: There is no н in font larm1000!
Missing character: There is no и in font larm1000!
Missing character: There is no е in font larm1000!
Missing character: There is no в in font larm1000!
Missing character: There is no е in font larm1000!
Missing character: There is no т in font larm1000!
Missing character: There is no в in font larm1000!
Missing character: There is no е in font larm1000!
Missing character: There is no й in font larm1000!
Missing character: There is no в in font larm1000!
Missing character: There is no н in font larm1000!
Missing character: There is no у in font larm1000!
Missing character: There is no т in font larm1000!
Missing character: There is no р in font larm1000!
Missing character: There is no и in font larm1000!
Missing character: There is no д in font larm1000!
Missing character: There is no е in font larm1000!
Missing character: There is no р in font larm1000!
Missing character: There is no е in font larm1000!
Missing character: There is no в in font larm1000!
Missing character: There is no а in font larm1000!
Missing character: There is no Н in font larm1000!
Missing character: There is no а in font larm1000!
Missing character: There is no р in font larm1000!
Missing character: There is no и in font larm1000!
Missing character: There is no с in font larm1000!
Missing character: There is no у in font larm1000!
Missing character: There is no н in font larm1000!
Missing character: There is no к in font larm1000!
Missing character: There is no е in font larm1000!
Missing character: There is no п in font larm1000!
Missing character: There is no р in font larm1000!
Missing character: There is no е in font larm1000!
Missing character: There is no д in font larm1000!
Missing character: There is no с in font larm1000!
Missing character: There is no т in font larm1000!
Missing character: There is no а in font larm1000!
Missing character: There is no в in font larm1000!
Missing character: There is no л in font larm1000!
Missing character: There is no е in font larm1000!
Missing character: There is no н in font larm1000!
Missing character: There is no П in font larm1000!
Missing character: There is no р in font larm1000!
Missing character: There is no и in font larm1000!
Missing character: There is no м in font larm1000!
Missing character: There is no е in font larm1000!
Missing character: There is no р in font larm1000!
Missing character: There is no р in font larm1000!
Missing character: There is no а in font larm1000!
Missing character: There is no б in font larm1000!
Missing character: There is no о in font larm1000!
Missing character: There is no т in font larm1000!
Missing character: There is no ы in font larm1000!
Missing character: There is no а in font larm1000!
Missing character: There is no л in font larm1000!
Missing character: There is no г in font larm1000!
Missing character: There is no о in font larm1000!
Missing character: There is no р in font larm1000!
Missing character: There is no и in font larm1000!
Missing character: There is no т in font larm1000!
Missing character: There is no м in font larm1000!
Missing character: There is no а in font larm1000!
Missing character: There is no с in font larm1000!
Missing character: There is no и in font larm1000!
Missing character: There is no н in font larm1000!
Missing character: There is no т in font larm1000!
Missing character: There is no е in font larm1000!
Missing character: There is no з in font larm1000!
Missing character: There is no а in font larm1000!
Missing character: There is no д in font larm1000!
Missing character: There is no е in font larm1000!
Missing character: There is no р in font larm1000!
Missing character: There is no е in font larm1000!
Missing character: There is no в in font larm1000!
Missing character: There is no ь in font larm1000!
Missing character: There is no е in font larm1000!
Missing character: There is no в in font larm1000!
Missing character: There is no п in font larm1000!
Missing character: There is no р in font larm1000!
Missing character: There is no е in font larm1000!
Missing character: There is no д in font larm1000!
Missing character: There is no с in font larm1000!
Missing character: There is no т in font larm1000!
Missing character: There is no а in font larm1000!
Missing character: There is no в in font larm1000!
Missing character: There is no л in font larm1000!
Missing character: There is no е in font larm1000!
Missing character: There is no н in font larm1000!
Missing character: There is no н in font larm1000!
Missing character: There is no а in font larm1000!
Missing character: There is no э in font larm1000!
Missing character: There is no т in font larm1000!
Missing character: There is no о in font larm1000!
Missing character: There is no м in font larm1000!
Missing character: There is no с in font larm1000!
Missing character: There is no л in font larm1000!
Missing character: There is no а in font larm1000!
Missing character: There is no й in font larm1000!
Missing character: There is no д in font larm1000!
Missing character: There is no е in font larm1000!
Missing character: There is no Д in font larm1000!
Missing character: There is no л in font larm1000!
Missing character: There is no я in font larm1000!
Missing character: There is no с in font larm1000!
Missing character: There is no и in font larm1000!
Missing character: There is no н in font larm1000!
Missing character: There is no т in font larm1000!
Missing character: There is no е in font larm1000!
Missing character: There is no з in font larm1000!
Missing character: There is no а in font larm1000!
Missing character: There is no д in font larm1000!
Missing character: There is no е in font larm1000!
Missing character: There is no р in font larm1000!
Missing character: There is no е in font larm1000!
Missing character: There is no в in font larm1000!
Missing character: There is no ь in font larm1000!
Missing character: There is no е in font larm1000!
Missing character: There is no в in font larm1000!
Missing character: There is no в in font larm1000!
Missing character: There is no а in font larm1000!
Missing character: There is no ж in font larm1000!
Missing character: There is no н in font larm1000!
Missing character: There is no ы in font larm1000!
Missing character: There is no м in font larm1000!
Missing character: There is no к in font larm1000!
Missing character: There is no р in font larm1000!
Missing character: There is no и in font larm1000!
Missing character: There is no т in font larm1000!
Missing character: There is no е in font larm1000!
Missing character: There is no р in font larm1000!
Missing character: There is no и in font larm1000!
Missing character: There is no е in font larm1000!
Missing character: There is no м in font larm1000!
Missing character: There is no в in font larm1000!
Missing character: There is no ы in font larm1000!
Missing character: There is no с in font larm1000!
Missing character: There is no т in font larm1000!
Missing character: There is no у in font larm1000!
Missing character: There is no п in font larm1000!
Missing character: There is no а in font larm1000!
Missing character: There is no ю in font larm1000!
Missing character: There is no т in font larm1000!
Missing character: There is no к in font larm1000!
Missing character: There is no о in font larm1000!
Missing character: There is no э in font larm1000!
Missing character: There is no ф in font larm1000!
Missing character: There is no ф in font larm1000!
Missing character: There is no и in font larm1000!
Missing character: There is no ц in font larm1000!
Missing character: There is no и in font larm1000!
Missing character: There is no е in font larm1000!
Missing character: There is no н in font larm1000!
Missing character: There is no т in font larm1000!
Missing character: There is no ы in font larm1000!
Missing character: There is no р in font larm1000!
Missing character: There is no а in font larm1000!
Missing character: There is no н in font larm1000!
Missing character: There is no ж in font larm1000!
Missing character: There is no и in font larm1000!
Missing character: There is no р in font larm1000!
Missing character: There is no о in font larm1000!
Missing character: There is no в in font larm1000!
Missing character: There is no а in font larm1000!
Missing character: There is no н in font larm1000!
Missing character: There is no и in font larm1000!
Missing character: There is no я in font larm1000!
Missing character: There is no т in font larm1000!
Missing character: There is no к in font larm1000!
Missing character: There is no о in font larm1000!
Missing character: There is no н in font larm1000!
Missing character: There is no и in font larm1000!
Missing character: There is no п in font larm1000!
Missing character: There is no р in font larm1000!
Missing character: There is no я in font larm1000!
Missing character: There is no м in font larm1000!
Missing character: There is no ы in font larm1000!
Missing character: There is no м in font larm1000!
Missing character: There is no о in font larm1000!
Missing character: There is no б in font larm1000!
Missing character: There is no р in font larm1000!
Missing character: There is no а in font larm1000!
Missing character: There is no з in font larm1000!
Missing character: There is no о in font larm1000!
Missing character: There is no м in font larm1000!
Missing character: There is no в in font larm1000!
Missing character: There is no л in font larm1000!
Missing character: There is no и in font larm1000!
Missing character: There is no я in font larm1000!
Missing character: There is no ю in font larm1000!
Missing character: There is no т in font larm1000!
Missing character: There is no н in font larm1000!
Missing character: There is no а in font larm1000!
Missing character: There is no в in font larm1000!
Missing character: There is no е in font larm1000!
Missing character: There is no т in font larm1000!
Missing character: There is no в in font larm1000!
Missing character: There is no е in font larm1000!
Missing character: There is no л in font larm1000!
Missing character: There is no е in font larm1000!
Missing character: There is no н in font larm1000!
Missing character: There is no и in font larm1000!
Missing character: There is no е in font larm1000!
Missing character: There is no д in font larm1000!
Missing character: There is no е in font larm1000!
Missing character: There is no р in font larm1000!
Missing character: There is no е in font larm1000!
Missing character: There is no в in font larm1000!
Missing character: There is no ь in font larm1000!
Missing character: There is no е in font larm1000!
Missing character: There is no в in font larm1000!
Missing character: There is no П in font larm1000!
Missing character: There is no у in font larm1000!
Missing character: There is no с in font larm1000!
Missing character: There is no т in font larm1000!
Missing character: There is no ь in font larm1000!
Missing character: There is no в in font larm1000!
Missing character: There is no е in font larm1000!
Missing character: There is no р in font larm1000!
Missing character: There is no о in font larm1000!
Missing character: There is no я in font larm1000!
Missing character: There is no т in font larm1000!
Missing character: There is no н in font larm1000!
Missing character: There is no о in font larm1000!
Missing character: There is no с in font larm1000!
Missing character: There is no т in font larm1000!
Missing character: There is no н in font larm1000!
Missing character: There is no о in font larm1000!
Missing character: There is no е in font larm1000!
Missing character: There is no п in font larm1000!
Missing character: There is no р in font larm1000!
Missing character: There is no о in font larm1000!
Missing character: There is no с in font larm1000!
Missing character: There is no т in font larm1000!
Missing character: There is no р in font larm1000!
Missing character: There is no а in font larm1000!
Missing character: There is no н in font larm1000!
Missing character: There is no с in font larm1000!
Missing character: There is no т in font larm1000!
Missing character: There is no в in font larm1000!
Missing character: There is no о in font larm1000!
Missing character: There is no в in font larm1000!
Missing character: There is no ы in font larm1000!
Missing character: There is no б in font larm1000!
Missing character: There is no о in font larm1000!
Missing character: There is no р in font larm1000!
Missing character: There is no к in font larm1000!
Missing character: There is no а in font larm1000!
Missing character: There is no п in font larm1000!
Missing character: There is no р in font larm1000!
Missing character: There is no о in font larm1000!
Missing character: There is no с in font larm1000!
Missing character: There is no т in font larm1000!
Missing character: There is no а in font larm1000!
Missing character: There is no я in font larm1000!
Missing character: There is no т in font larm1000!
Missing character: There is no о in font larm1000!
Missing character: There is no е in font larm1000!
Missing character: There is no с in font larm1000!
Missing character: There is no т in font larm1000!
Missing character: There is no ь in font larm1000!
Missing character: There is no с in font larm1000!
Missing character: There is no л in font larm1000!
Missing character: There is no у in font larm1000!
Missing character: There is no ч in font larm1000!
Missing character: There is no а in font larm1000!
Missing character: There is no й in font larm1000!
Missing character: There is no н in font larm1000!
Missing character: There is no а in font larm1000!
Missing character: There is no я in font larm1000!
Missing character: There is no н in font larm1000!
Missing character: There is no е in font larm1000!
Missing character: There is no з in font larm1000!
Missing character: There is no а in font larm1000!
Missing character: There is no в in font larm1000!
Missing character: There is no и in font larm1000!
Missing character: There is no с in font larm1000!
Missing character: There is no и in font larm1000!
Missing character: There is no м in font larm1000!
Missing character: There is no а in font larm1000!
Missing character: There is no я in font larm1000!
Missing character: There is no о in font larm1000!
Missing character: There is no д in font larm1000!
Missing character: There is no и in font larm1000!
Missing character: There is no н in font larm1000!
Missing character: There is no а in font larm1000!
Missing character: There is no к in font larm1000!
Missing character: There is no о in font larm1000!
Missing character: There is no в in font larm1000!
Missing character: There is no о in font larm1000!
Missing character: There is no р in font larm1000!
Missing character: There is no а in font larm1000!
Missing character: There is no с in font larm1000!
Missing character: There is no п in font larm1000!
Missing character: There is no р in font larm1000!
Missing character: There is no е in font larm1000!
Missing character: There is no д in font larm1000!
Missing character: There is no е in font larm1000!
Missing character: There is no л in font larm1000!
Missing character: There is no е in font larm1000!
Missing character: There is no н in font larm1000!
Missing character: There is no н in font larm1000!
Missing character: There is no а in font larm1000!
Missing character: There is no я in font larm1000!
Missing character: There is no с in font larm1000!
Missing character: There is no л in font larm1000!
Missing character: There is no у in font larm1000!
Missing character: There is no ч in font larm1000!
Missing character: There is no а in font larm1000!
Missing character: There is no й in font larm1000!
Missing character: There is no н in font larm1000!
Missing character: There is no ы in font larm1000!
Missing character: There is no е in font larm1000!
Missing character: There is no в in font larm1000!
Missing character: There is no е in font larm1000!
Missing character: There is no л in font larm1000!
Missing character: There is no и in font larm1000!
Missing character: There is no ч in font larm1000!
Missing character: There is no и in font larm1000!
Missing character: There is no н in font larm1000!
Missing character: There is no ы in font larm1000!
Missing character: There is no Д in font larm1000!
Missing character: There is no о in font larm1000!
Missing character: There is no п in font larm1000!
Missing character: There is no у in font larm1000!
Missing character: There is no с in font larm1000!
Missing character: There is no т in font larm1000!
Missing character: There is no и in font larm1000!
Missing character: There is no м in font larm1000!
Missing character: There is no ч in font larm1000!
Missing character: There is no т in font larm1000!
Missing character: There is no о in font larm1000!
Missing character: There is no г in font larm1000!
Missing character: There is no и in font larm1000!
Missing character: There is no п in font larm1000!
Missing character: There is no о in font larm1000!
Missing character: There is no т in font larm1000!
Missing character: There is no е in font larm1000!
Missing character: There is no з in font larm1000!
Missing character: There is no а in font larm1000!
Missing character: There is no о in font larm1000!
Missing character: There is no н in font larm1000!
Missing character: There is no е in font larm1000!
Missing character: There is no з in font larm1000!
Missing character: There is no а in font larm1000!
Missing character: There is no в in font larm1000!
Missing character: There is no и in font larm1000!
Missing character: There is no с in font larm1000!
Missing character: There is no и in font larm1000!
Missing character: There is no м in font larm1000!
Missing character: There is no о in font larm1000!
Missing character: There is no с in font larm1000!
Missing character: There is no т in font larm1000!
Missing character: There is no и in font larm1000!
Missing character: There is no с in font larm1000!
Missing character: There is no о in font larm1000!
Missing character: There is no б in font larm1000!
Missing character: There is no ы in font larm1000!
Missing character: There is no т in font larm1000!
Missing character: There is no и in font larm1000!
Missing character: There is no й in font larm1000!
Missing character: There is no с in font larm1000!
Missing character: There is no п in font larm1000!
Missing character: There is no р in font larm1000!
Missing character: There is no а in font larm1000!
Missing character: There is no в in font larm1000!
Missing character: There is no е in font larm1000!
Missing character: There is no д in font larm1000!
Missing character: There is no л in font larm1000!
Missing character: There is no и in font larm1000!
Missing character: There is no в in font larm1000!
Missing character: There is no а in font larm1000!
Missing character: There is no Т in font larm1000!
Missing character: There is no о in font larm1000!
Missing character: There is no г in font larm1000!
Missing character: There is no д in font larm1000!
Missing character: There is no а in font larm1000!
Missing character: There is no в in font larm1000!
Missing character: There is no е in font larm1000!
Missing character: There is no р in font larm1000!
Missing character: There is no о in font larm1000!
Missing character: There is no я in font larm1000!
Missing character: There is no т in font larm1000!
Missing character: There is no н in font larm1000!
Missing character: There is no о in font larm1000!
Missing character: There is no с in font larm1000!
Missing character: There is no т in font larm1000!
Missing character: There is no ь in font larm1000!
Missing character: There is no р in font larm1000!
Missing character: There is no е in font larm1000!
Missing character: There is no а in font larm1000!
Missing character: There is no л in font larm1000!
Missing character: There is no и in font larm1000!
Missing character: There is no з in font larm1000!
Missing character: There is no а in font larm1000!
Missing character: There is no ц in font larm1000!
Missing character: There is no и in font larm1000!
Missing character: There is no и in font larm1000!
Missing character: There is no п in font larm1000!
Missing character: There is no а in font larm1000!
Missing character: There is no р in font larm1000!
Missing character: There is no ы in font larm1000!
Missing character: There is no в in font larm1000!
Missing character: There is no о in font larm1000!
Missing character: There is no з in font larm1000!
Missing character: There is no м in font larm1000!
Missing character: There is no о in font larm1000!
Missing character: There is no ж in font larm1000!
Missing character: There is no н in font larm1000!
Missing character: There is no о in font larm1000!
Missing character: There is no в in font larm1000!
Missing character: There is no ы in font larm1000!
Missing character: There is no р in font larm1000!
Missing character: There is no а in font larm1000!
Missing character: There is no з in font larm1000!
Missing character: There is no и in font larm1000!
Missing character: There is no т in font larm1000!
Missing character: There is no ь in font larm1000!
Missing character: There is no ч in font larm1000!
Missing character: There is no е in font larm1000!
Missing character: There is no р in font larm1000!
Missing character: There is no е in font larm1000!
Missing character: There is no з in font larm1000!
Missing character: There is no с in font larm1000!
Missing character: There is no л in font larm1000!
Missing character: There is no е in font larm1000!
Missing character: There is no д in font larm1000!
Missing character: There is no у in font larm1000!
Missing character: There is no ю in font larm1000!
Missing character: There is no щ in font larm1000!
Missing character: There is no е in font larm1000!
Missing character: There is no е in font larm1000!
Missing character: There is no г in font larm1000!
Missing character: There is no и in font larm1000!
Missing character: There is no п in font larm1000!
Missing character: There is no е in font larm1000!
Missing character: There is no р in font larm1000!
Missing character: There is no п in font larm1000!
Missing character: There is no а in font larm1000!
Missing character: There is no р in font larm1000!
Missing character: There is no а in font larm1000!
Missing character: There is no м in font larm1000!
Missing character: There is no е in font larm1000!
Missing character: There is no т in font larm1000!
Missing character: There is no р in font larm1000!
Missing character: There is no и in font larm1000!
Missing character: There is no ч in font larm1000!
Missing character: There is no е in font larm1000!
Missing character: There is no с in font larm1000!
Missing character: There is no к in font larm1000!
Missing character: There is no о in font larm1000!
Missing character: There is no е in font larm1000!
Missing character: There is no р in font larm1000!
Missing character: There is no а in font larm1000!
Missing character: There is no с in font larm1000!
Missing character: There is no п in font larm1000!
Missing character: There is no р in font larm1000!
Missing character: There is no е in font larm1000!
Missing character: There is no д in font larm1000!
Missing character: There is no е in font larm1000!
Missing character: There is no л in font larm1000!
Missing character: There is no е in font larm1000!
Missing character: There is no н in font larm1000!
Missing character: There is no и in font larm1000!
Missing character: There is no е in font larm1000!
Missing character: There is no г in font larm1000!
Missing character: There is no д in font larm1000!
Missing character: There is no е in font larm1000!
Missing character: There is no Т in font larm1000!
Missing character: There is no а in font larm1000!
Missing character: There is no к in font larm1000!
Missing character: There is no и in font larm1000!
Missing character: There is no м in font larm1000!
Missing character: There is no о in font larm1000!
Missing character: There is no б in font larm1000!
Missing character: There is no р in font larm1000!
Missing character: There is no а in font larm1000!
Missing character: There is no з in font larm1000!
Missing character: There is no о in font larm1000!
Missing character: There is no м in font larm1000!
Missing character: There is no е in font larm1000!
Missing character: There is no с in font larm1000!
Missing character: There is no л in font larm1000!
Missing character: There is no и in font larm1000!
Missing character: There is no с in font larm1000!
Missing character: There is no о in font larm1000!
Missing character: There is no б in font larm1000!
Missing character: There is no ы in font larm1000!
Missing character: There is no т in font larm1000!
Missing character: There is no и in font larm1000!
Missing character: There is no е in font larm1000!
Missing character: There is no с in font larm1000!
Missing character: There is no м in font larm1000!
Missing character: There is no а in font larm1000!
Missing character: There is no л in font larm1000!
Missing character: There is no о in font larm1000!
Missing character: There is no й in font larm1000!
Missing character: There is no в in font larm1000!
Missing character: There is no е in font larm1000!
Missing character: There is no р in font larm1000!
Missing character: There is no о in font larm1000!
Missing character: There is no я in font larm1000!
Missing character: There is no т in font larm1000!
Missing character: There is no н in font larm1000!
Missing character: There is no о in font larm1000!
Missing character: There is no с in font larm1000!
Missing character: There is no т in font larm1000!
Missing character: There is no ь in font larm1000!
Missing character: There is no ю in font larm1000!
Missing character: There is no р in font larm1000!
Missing character: There is no е in font larm1000!
Missing character: There is no а in font larm1000!
Missing character: There is no л in font larm1000!
Missing character: There is no и in font larm1000!
Missing character: There is no з in font larm1000!
Missing character: There is no о in font larm1000!
Missing character: There is no в in font larm1000!
Missing character: There is no а in font larm1000!
Missing character: There is no л in font larm1000!
Missing character: There is no о in font larm1000!
Missing character: There is no с in font larm1000!
Missing character: There is no ь in font larm1000!
Missing character: There is no т in font larm1000!
Missing character: There is no о in font larm1000!
Missing character: There is no с in font larm1000!
Missing character: There is no к in font larm1000!
Missing character: There is no о in font larm1000!
Missing character: There is no р in font larm1000!
Missing character: There is no е in font larm1000!
Missing character: There is no е in font larm1000!
Missing character: There is no в in font larm1000!
Missing character: There is no с in font larm1000!
Missing character: There is no е in font larm1000!
Missing character: There is no г in font larm1000!
Missing character: There is no о in font larm1000!
Missing character: There is no о in font larm1000!
Missing character: There is no н in font larm1000!
Missing character: There is no о in font larm1000!
Missing character: There is no н in font larm1000!
Missing character: There is no е in font larm1000!
Missing character: There is no с in font larm1000!
Missing character: There is no л in font larm1000!
Missing character: There is no у in font larm1000!
Missing character: There is no ч in font larm1000!
Missing character: There is no а in font larm1000!
Missing character: There is no й in font larm1000!
Missing character: There is no н in font larm1000!
Missing character: There is no о in font larm1000!
Missing character: There is no Н in font larm1000!
Missing character: There is no е in font larm1000!
Missing character: There is no с in font larm1000!
Missing character: There is no л in font larm1000!
Missing character: There is no у in font larm1000!
Missing character: There is no ч in font larm1000!
Missing character: There is no а in font larm1000!
Missing character: There is no й in font larm1000!
Missing character: There is no н in font larm1000!
Missing character: There is no о in font larm1000!
Missing character: There is no е in font larm1000!
Missing character: There is no с in font larm1000!
Missing character: There is no о in font larm1000!
Missing character: There is no б in font larm1000!
Missing character: There is no ы in font larm1000!
Missing character: There is no т in font larm1000!
Missing character: There is no и in font larm1000!
Missing character: There is no е in font larm1000!
Missing character: There is no э in font larm1000!
Missing character: There is no т in font larm1000!
Missing character: There is no о in font larm1000!
Missing character: There is no и in font larm1000!
Missing character: There is no е in font larm1000!
Missing character: There is no с in font larm1000!
Missing character: There is no т in font larm1000!
Missing character: There is no ь in font larm1000!
Missing character: There is no з in font larm1000!
Missing character: There is no а in font larm1000!
Missing character: There is no к in font larm1000!
Missing character: There is no о in font larm1000!
Missing character: There is no н in font larm1000!
Missing character: There is no о in font larm1000!
Missing character: There is no м in font larm1000!
Missing character: There is no е in font larm1000!
Missing character: There is no р in font larm1000!
Missing character: There is no н in font larm1000!
Missing character: There is no о in font larm1000!
Missing character: There is no с in font larm1000!
Missing character: There is no т in font larm1000!
Missing character: There is no ь in font larm1000!
Missing character: There is no О in font larm1000!
Missing character: There is no с in font larm1000!
Missing character: There is no н in font larm1000!
Missing character: There is no о in font larm1000!
Missing character: There is no в in font larm1000!
Missing character: There is no н in font larm1000!
Missing character: There is no ы in font larm1000!
Missing character: There is no м in font larm1000!
Missing character: There is no п in font larm1000!
Missing character: There is no о in font larm1000!
Missing character: There is no с in font larm1000!
Missing character: There is no т in font larm1000!
Missing character: There is no у in font larm1000!
Missing character: There is no л in font larm1000!
Missing character: There is no а in font larm1000!
Missing character: There is no т in font larm1000!
Missing character: There is no о in font larm1000!
Missing character: There is no м in font larm1000!
Missing character: There is no ф in font larm1000!
Missing character: There is no о in font larm1000!
Missing character: There is no р in font larm1000!
Missing character: There is no м in font larm1000!
Missing character: There is no и in font larm1000!
Missing character: There is no р in font larm1000!
Missing character: There is no о in font larm1000!
Missing character: There is no в in font larm1000!
Missing character: There is no а in font larm1000!
Missing character: There is no н in font larm1000!
Missing character: There is no и in font larm1000!
Missing character: There is no я in font larm1000!
Missing character: There is no з in font larm1000!
Missing character: There is no а in font larm1000!
Missing character: There is no к in font larm1000!
Missing character: There is no о in font larm1000!
Missing character: There is no н in font larm1000!
Missing character: There is no о in font larm1000!
Missing character: There is no м in font larm1000!
Missing character: There is no е in font larm1000!
Missing character: There is no р in font larm1000!
Missing character: There is no н in font larm1000!
Missing character: There is no о in font larm1000!
Missing character: There is no с in font larm1000!
Missing character: There is no т in font larm1000!
Missing character: There is no и in font larm1000!
Missing character: There is no я in font larm1000!
Missing character: There is no в in font larm1000!
Missing character: There is no л in font larm1000!
Missing character: There is no я in font larm1000!
Missing character: There is no е in font larm1000!
Missing character: There is no т in font larm1000!
Missing character: There is no с in font larm1000!
Missing character: There is no я in font larm1000!
Missing character: There is no с in font larm1000!
Missing character: There is no л in font larm1000!
Missing character: There is no е in font larm1000!
Missing character: There is no д in font larm1000!
Missing character: There is no у in font larm1000!
Missing character: There is no ю in font larm1000!
Missing character: There is no щ in font larm1000!
Missing character: There is no е in font larm1000!
Missing character: There is no е in font larm1000!
Missing character: There is no у in font larm1000!
Missing character: There is no т in font larm1000!
Missing character: There is no в in font larm1000!
Missing character: There is no е in font larm1000!
Missing character: There is no р in font larm1000!
Missing character: There is no ж in font larm1000!
Missing character: There is no д in font larm1000!
Missing character: There is no е in font larm1000!
Missing character: There is no н in font larm1000!
Missing character: There is no и in font larm1000!
Missing character: There is no е in font larm1000!
Missing character: There is no е in font larm1000!
Missing character: There is no с in font larm1000!
Missing character: There is no л in font larm1000!
Missing character: There is no и in font larm1000!
Missing character: There is no в in font larm1000!
Missing character: There is no е in font larm1000!
Missing character: There is no р in font larm1000!
Missing character: There is no о in font larm1000!
Missing character: There is no я in font larm1000!
Missing character: There is no т in font larm1000!
Missing character: There is no н in font larm1000!
Missing character: There is no о in font larm1000!
Missing character: There is no с in font larm1000!
Missing character: There is no т in font larm1000!
Missing character: There is no ь in font larm1000!
Missing character: There is no р in font larm1000!
Missing character: There is no е in font larm1000!
Missing character: There is no а in font larm1000!
Missing character: There is no л in font larm1000!
Missing character: There is no и in font larm1000!
Missing character: There is no з in font larm1000!
Missing character: There is no а in font larm1000!
Missing character: There is no ц in font larm1000!
Missing character: There is no и in font larm1000!
Missing character: There is no и in font larm1000!
Missing character: There is no п in font larm1000!
Missing character: There is no а in font larm1000!
Missing character: There is no р in font larm1000!
Missing character: There is no ы in font larm1000!
Missing character: There is no с in font larm1000!
Missing character: There is no о in font larm1000!
Missing character: There is no в in font larm1000!
Missing character: There is no м in font larm1000!
Missing character: There is no е in font larm1000!
Missing character: There is no с in font larm1000!
Missing character: There is no т in font larm1000!
Missing character: There is no н in font larm1000!
Missing character: There is no ы in font larm1000!
Missing character: There is no х in font larm1000!
Missing character: There is no с in font larm1000!
Missing character: There is no о in font larm1000!
Missing character: There is no б in font larm1000!
Missing character: There is no ы in font larm1000!
Missing character: There is no т in font larm1000!
Missing character: There is no и in font larm1000!
Missing character: There is no й in font larm1000!
Missing character: There is no п in font larm1000!
Missing character: There is no о in font larm1000!
Missing character: There is no д in font larm1000!
Missing character: There is no ч in font larm1000!
Missing character: There is no и in font larm1000!
Missing character: There is no н in font larm1000!
Missing character: There is no я in font larm1000!
Missing character: There is no е in font larm1000!
Missing character: There is no т in font larm1000!
Missing character: There is no с in font larm1000!
Missing character: There is no я in font larm1000!
Missing character: There is no г in font larm1000!
Missing character: There is no и in font larm1000!
Missing character: There is no п in font larm1000!
Missing character: There is no е in font larm1000!
Missing character: There is no р in font larm1000!
Missing character: There is no г in font larm1000!
Missing character: There is no е in font larm1000!
Missing character: There is no о in font larm1000!
Missing character: There is no м in font larm1000!
Missing character: There is no е in font larm1000!
Missing character: There is no т in font larm1000!
Missing character: There is no р in font larm1000!
Missing character: There is no и in font larm1000!
Missing character: There is no ч in font larm1000!
Missing character: There is no е in font larm1000!
Missing character: There is no с in font larm1000!
Missing character: There is no к in font larm1000!
Missing character: There is no о in font larm1000!
Missing character: There is no м in font larm1000!
Missing character: There is no у in font larm1000!
Missing character: There is no р in font larm1000!
Missing character: There is no а in font larm1000!
Missing character: There is no с in font larm1000!
Missing character: There is no п in font larm1000!
Missing character: There is no р in font larm1000!
Missing character: There is no е in font larm1000!
Missing character: There is no д in font larm1000!
Missing character: There is no е in font larm1000!
Missing character: There is no л in font larm1000!
Missing character: There is no е in font larm1000!
Missing character: There is no н in font larm1000!
Missing character: There is no и in font larm1000!
Missing character: There is no ю in font larm1000!
Missing character: There is no и in font larm1000!
Missing character: There is no о in font larm1000!
Missing character: There is no н in font larm1000!
Missing character: There is no а in font larm1000!
Missing character: There is no м in font larm1000!
Missing character: There is no а in font larm1000!
Missing character: There is no л in font larm1000!
Missing character: There is no а in font larm1000!
Missing character: There is no и in font larm1000!
Missing character: There is no т in font larm1000!
Missing character: There is no е in font larm1000!
Missing character: There is no м in font larm1000!
Missing character: There is no н in font larm1000!
Missing character: There is no е in font larm1000!
Missing character: There is no м in font larm1000!
Missing character: There is no е in font larm1000!
Missing character: There is no н in font larm1000!
Missing character: There is no е in font larm1000!
Missing character: There is no е in font larm1000!
Missing character: There is no п in font larm1000!
Missing character: There is no а in font larm1000!
Missing character: There is no р in font larm1000!
Missing character: There is no а in font larm1000!
Missing character: There is no с in font larm1000!
Missing character: There is no о in font larm1000!
Missing character: There is no б in font larm1000!
Missing character: There is no ы in font larm1000!
Missing character: There is no т in font larm1000!
Missing character: There is no и in font larm1000!
Missing character: There is no й in font larm1000!
Missing character: There is no р in font larm1000!
Missing character: There is no е in font larm1000!
Missing character: There is no а in font larm1000!
Missing character: There is no л in font larm1000!
Missing character: There is no и in font larm1000!
Missing character: There is no з in font larm1000!
Missing character: There is no о in font larm1000!
Missing character: There is no в in font larm1000!
Missing character: There is no а in font larm1000!
Missing character: There is no л in font larm1000!
Missing character: There is no а in font larm1000!
Missing character: There is no с in font larm1000!
Missing character: There is no ь in font larm1000!
Missing character: There is no т in font larm1000!
Missing character: There is no о in font larm1000!
Missing character: There is no г in font larm1000!
Missing character: There is no и in font larm1000!
Missing character: There is no п in font larm1000!
Missing character: There is no о in font larm1000!
Missing character: There is no т in font larm1000!
Missing character: There is no е in font larm1000!
Missing character: There is no з in font larm1000!
Missing character: There is no а in font larm1000!
Missing character: There is no о in font larm1000!
Missing character: There is no н in font larm1000!
Missing character: There is no е in font larm1000!
Missing character: There is no з in font larm1000!
Missing character: There is no а in font larm1000!
Missing character: There is no в in font larm1000!
Missing character: There is no и in font larm1000!
Missing character: There is no с in font larm1000!
Missing character: There is no и in font larm1000!
Missing character: There is no м in font larm1000!
Missing character: There is no о in font larm1000!
Missing character: There is no с in font larm1000!
Missing character: There is no т in font larm1000!
Missing character: There is no и in font larm1000!
Missing character: There is no о in font larm1000!
Missing character: There is no т in font larm1000!
Missing character: There is no в in font larm1000!
Missing character: There is no е in font larm1000!
Missing character: There is no р in font larm1000!
Missing character: There is no г in font larm1000!
Missing character: There is no а in font larm1000!
Missing character: There is no е in font larm1000!
Missing character: There is no т in font larm1000!
Missing character: There is no с in font larm1000!
Missing character: There is no я in font larm1000!

Underfull \hbox (badness 10000) in paragraph at lines 280--281

 []

Missing character: There is no П in font larm1000!
Missing character: There is no е in font larm1000!
Missing character: There is no р in font larm1000!
Missing character: There is no е in font larm1000!
Missing character: There is no й in font larm1000!
Missing character: There is no д in font larm1000!
Missing character: There is no е in font larm1000!
Missing character: There is no м in font larm1000!
Missing character: There is no к in font larm1000!
Missing character: There is no р in font larm1000!
Missing character: There is no е in font larm1000!
Missing character: There is no з in font larm1000!
Missing character: There is no у in font larm1000!
Missing character: There is no л in font larm1000!
Missing character: There is no ь in font larm1000!
Missing character: There is no т in font larm1000!
Missing character: There is no а in font larm1000!
Missing character: There is no т in font larm1000!
Missing character: There is no а in font larm1000!
Missing character: There is no м in font larm1000!
Missing character: There is no о in font larm1000!
Missing character: There is no ц in font larm1000!
Missing character: There is no е in font larm1000!
Missing character: There is no н in font larm1000!
Missing character: There is no к in font larm1000!
Missing character: There is no и in font larm1000!
Missing character: There is no к in font larm1000!
Missing character: There is no а in font larm1000!
Missing character: There is no ч in font larm1000!
Missing character: There is no е in font larm1000!
Missing character: There is no с in font larm1000!
Missing character: There is no т in font larm1000!
Missing character: There is no в in font larm1000!
Missing character: There is no а in font larm1000!
Missing character: There is no р in font larm1000!
Missing character: There is no а in font larm1000!
Missing character: There is no б in font larm1000!
Missing character: There is no о in font larm1000!
Missing character: There is no т in font larm1000!
Missing character: There is no ы in font larm1000!
Missing character: There is no м in font larm1000!
Missing character: There is no о in font larm1000!
Missing character: There is no д in font larm1000!
Missing character: There is no е in font larm1000!
Missing character: There is no л in font larm1000!
Missing character: There is no и in font larm1000!
Missing character: There is no Н in font larm1000!
Missing character: There is no а in font larm1000!
Missing character: There is no с in font larm1000!
Missing character: There is no л in font larm1000!
Missing character: There is no а in font larm1000!
Missing character: There is no й in font larm1000!
Missing character: There is no д in font larm1000!
Missing character: There is no е in font larm1000!
Missing character: There is no п in font larm1000!
Missing character: There is no р in font larm1000!
Missing character: There is no е in font larm1000!
Missing character: There is no д in font larm1000!
Missing character: There is no с in font larm1000!
Missing character: There is no т in font larm1000!
Missing character: There is no а in font larm1000!
Missing character: There is no в in font larm1000!
Missing character: There is no л in font larm1000!
Missing character: There is no е in font larm1000!
Missing character: There is no н in font larm1000!
Missing character: There is no а in font larm1000!
Missing character: There is no н in font larm1000!
Missing character: There is no а in font larm1000!
Missing character: There is no л in font larm1000!
Missing character: There is no и in font larm1000!
Missing character: There is no з in font larm1000!
Missing character: There is no п in font larm1000!
Missing character: There is no а in font larm1000!
Missing character: There is no р in font larm1000!
Missing character: There is no а in font larm1000!
Missing character: There is no м in font larm1000!
Missing character: There is no е in font larm1000!
Missing character: There is no т in font larm1000!
Missing character: There is no р in font larm1000!
Missing character: There is no о in font larm1000!
Missing character: There is no в in font larm1000!
Missing character: There is no р in font larm1000!
Missing character: There is no а in font larm1000!
Missing character: There is no б in font larm1000!
Missing character: There is no о in font larm1000!
Missing character: There is no т in font larm1000!
Missing character: There is no ы in font larm1000!
Missing character: There is no м in font larm1000!
Missing character: There is no о in font larm1000!
Missing character: There is no д in font larm1000!
Missing character: There is no е in font larm1000!
Missing character: There is no л in font larm1000!
Missing character: There is no и in font larm1000!
Missing character: There is no п in font larm1000!
Missing character: There is no е in font larm1000!
Missing character: There is no р in font larm1000!
Missing character: There is no в in font larm1000!
Missing character: There is no и in font larm1000!
Missing character: There is no ч in font larm1000!
Missing character: There is no н in font larm1000!
Missing character: There is no ы in font larm1000!
Missing character: There is no й in font larm1000!
Missing character: There is no а in font larm1000!
Missing character: There is no н in font larm1000!
Missing character: There is no а in font larm1000!
Missing character: There is no л in font larm1000!
Missing character: There is no и in font larm1000!
Missing character: There is no з in font larm1000!
Missing character: There is no п in font larm1000!
Missing character: There is no а in font larm1000!
Missing character: There is no р in font larm1000!
Missing character: There is no а in font larm1000!
Missing character: There is no м in font larm1000!
Missing character: There is no е in font larm1000!
Missing character: There is no т in font larm1000!
Missing character: There is no р in font larm1000!
Missing character: There is no о in font larm1000!
Missing character: There is no в in font larm1000!
Missing character: There is no п in font larm1000!
Missing character: There is no р in font larm1000!
Missing character: There is no е in font larm1000!
Missing character: There is no д in font larm1000!
Missing character: There is no а in font larm1000!
Missing character: There is no л in font larm1000!
Missing character: There is no г in font larm1000!
Missing character: There is no а in font larm1000!
Missing character: There is no е in font larm1000!
Missing character: There is no т in font larm1000!
Missing character: There is no с in font larm1000!
Missing character: There is no я in font larm1000!
Missing character: There is no п in font larm1000!
Missing character: There is no р in font larm1000!
Missing character: There is no о in font larm1000!
Missing character: There is no в in font larm1000!
Missing character: There is no о in font larm1000!
Missing character: There is no д in font larm1000!
Missing character: There is no и in font larm1000!
Missing character: There is no т in font larm1000!
Missing character: There is no ь in font larm1000!
Missing character: There is no с in font larm1000!
Missing character: There is no о in font larm1000!
Missing character: There is no г in font larm1000!
Missing character: There is no л in font larm1000!
Missing character: There is no а in font larm1000!
Missing character: There is no с in font larm1000!
Missing character: There is no н in font larm1000!
Missing character: There is no о in font larm1000!
Missing character: There is no п in font larm1000!
Missing character: There is no р in font larm1000!
Missing character: There is no и in font larm1000!
Missing character: There is no м in font larm1000!
Missing character: There is no е in font larm1000!
Missing character: There is no н in font larm1000!
Missing character: There is no е in font larm1000!
Missing character: There is no н in font larm1000!
Missing character: There is no и in font larm1000!
Missing character: There is no ю in font larm1000!
Missing character: There is no м in font larm1000!
Missing character: There is no а in font larm1000!
Missing character: There is no т in font larm1000!
Missing character: There is no р in font larm1000!
Missing character: There is no и in font larm1000!
Missing character: There is no ц in font larm1000!
Missing character: There is no ы in font larm1000!
Missing character: There is no к in font larm1000!
Missing character: There is no о in font larm1000!
Missing character: There is no р in font larm1000!
Missing character: There is no р in font larm1000!
Missing character: There is no е in font larm1000!
Missing character: There is no л in font larm1000!
Missing character: There is no я in font larm1000!
Missing character: There is no ц in font larm1000!
Missing character: There is no и in font larm1000!
Missing character: There is no й in font larm1000!
Missing character: There is no м in font larm1000!
Missing character: There is no е in font larm1000!
Missing character: There is no ж in font larm1000!
Missing character: There is no д in font larm1000!
Missing character: There is no у in font larm1000!
Missing character: There is no п in font larm1000!
Missing character: There is no а in font larm1000!
Missing character: There is no р in font larm1000!
Missing character: There is no а in font larm1000!
Missing character: There is no м in font larm1000!
Missing character: There is no е in font larm1000!
Missing character: There is no т in font larm1000!
Missing character: There is no р in font larm1000!
Missing character: There is no а in font larm1000!
Missing character: There is no м in font larm1000!
Missing character: There is no и in font larm1000!
Missing character: There is no в in font larm1000!
Missing character: There is no н in font larm1000!
Missing character: There is no у in font larm1000!
Missing character: There is no т in font larm1000!
Missing character: There is no р in font larm1000!
Missing character: There is no и in font larm1000!
Missing character: There is no о in font larm1000!
Missing character: There is no д in font larm1000!
Missing character: There is no н in font larm1000!
Missing character: There is no о in font larm1000!
Missing character: There is no г in font larm1000!
Missing character: There is no о in font larm1000!
Missing character: There is no к in font larm1000!
Missing character: There is no л in font larm1000!
Missing character: There is no а in font larm1000!
Missing character: There is no с in font larm1000!
Missing character: There is no с in font larm1000!
Missing character: There is no а in font larm1000!
Missing character: There is no п in font larm1000!
Missing character: There is no о in font larm1000!
Missing character: There is no о in font larm1000!
Missing character: There is no б in font larm1000!
Missing character: There is no у in font larm1000!
Missing character: There is no ч in font larm1000!
Missing character: There is no а in font larm1000!
Missing character: There is no ю in font larm1000!
Missing character: There is no щ in font larm1000!
Missing character: There is no е in font larm1000!
Missing character: There is no й in font larm1000!
Missing character: There is no в in font larm1000!
Missing character: There is no ы in font larm1000!
Missing character: There is no б in font larm1000!
Missing character: There is no о in font larm1000!
Missing character: There is no р in font larm1000!
Missing character: There is no к in font larm1000!
Missing character: There is no е in font larm1000!
Missing character: There is no Т in font larm1000!
Missing character: There is no а in font larm1000!
Missing character: There is no к in font larm1000!
Missing character: There is no и in font larm1000!
Missing character: There is no м in font larm1000!
Missing character: There is no о in font larm1000!
Missing character: There is no б in font larm1000!
Missing character: There is no р in font larm1000!
Missing character: There is no а in font larm1000!
Missing character: There is no з in font larm1000!
Missing character: There is no о in font larm1000!
Missing character: There is no м in font larm1000!
Missing character: There is no м in font larm1000!
Missing character: There is no о in font larm1000!
Missing character: There is no ж in font larm1000!
Missing character: There is no н in font larm1000!
Missing character: There is no о in font larm1000!
Missing character: There is no п in font larm1000!
Missing character: There is no р in font larm1000!
Missing character: There is no и in font larm1000!
Missing character: There is no м in font larm1000!
Missing character: There is no е in font larm1000!
Missing character: There is no н in font larm1000!
Missing character: There is no я in font larm1000!
Missing character: There is no т in font larm1000!
Missing character: There is no ь in font larm1000!
Missing character: There is no м in font larm1000!
Missing character: There is no е in font larm1000!
Missing character: There is no т in font larm1000!
Missing character: There is no о in font larm1000!
Missing character: There is no д in font larm1000!
Missing character: There is no о in font larm1000!
Missing character: There is no л in font larm1000!
Missing character: There is no о in font larm1000!
Missing character: There is no г in font larm1000!
Missing character: There is no и in font larm1000!
Missing character: There is no ю in font larm1000!
Missing character: There is no Т in font larm1000!
Missing character: There is no Р in font larm1000!
Missing character: There is no И in font larm1000!
Missing character: There is no З in font larm1000!
Missing character: There is no в in font larm1000!
Missing character: There is no ч in font larm1000!
Missing character: There is no а in font larm1000!
Missing character: There is no с in font larm1000!
Missing character: There is no т in font larm1000!
Missing character: There is no и in font larm1000!
Missing character: There is no в in font larm1000!
Missing character: There is no ы in font larm1000!
Missing character: There is no я in font larm1000!
Missing character: There is no в in font larm1000!
Missing character: There is no л in font larm1000!
Missing character: There is no е in font larm1000!
Missing character: There is no н in font larm1000!
Missing character: There is no и in font larm1000!
Missing character: There is no я in font larm1000!
Missing character: There is no п in font larm1000!
Missing character: There is no р in font larm1000!
Missing character: There is no о in font larm1000!
Missing character: There is no т in font larm1000!
Missing character: There is no и in font larm1000!
Missing character: There is no в in font larm1000!
Missing character: There is no о in font larm1000!
Missing character: There is no р in font larm1000!
Missing character: There is no е in font larm1000!
Missing character: There is no ч in font larm1000!
Missing character: There is no и in font larm1000!
Missing character: There is no й in font larm1000!
Missing character: There is no м in font larm1000!
Missing character: There is no е in font larm1000!
Missing character: There is no ж in font larm1000!
Missing character: There is no д in font larm1000!
Missing character: There is no у in font larm1000!
Missing character: There is no п in font larm1000!
Missing character: There is no а in font larm1000!
Missing character: There is no р in font larm1000!
Missing character: There is no а in font larm1000!
Missing character: There is no м in font larm1000!
Missing character: There is no е in font larm1000!
Missing character: There is no т in font larm1000!
Missing character: There is no р in font larm1000!
Missing character: There is no а in font larm1000!
Missing character: There is no м in font larm1000!
Missing character: There is no и in font larm1000!
Missing character: There is no В in font larm1000!
Missing character: There is no д in font larm1000!
Missing character: There is no и in font larm1000!
Missing character: There is no с in font larm1000!
Missing character: There is no с in font larm1000!
Missing character: There is no е in font larm1000!
Missing character: There is no р in font larm1000!
Missing character: There is no т in font larm1000!
Missing character: There is no а in font larm1000!
Missing character: There is no ц in font larm1000!
Missing character: There is no и in font larm1000!
Missing character: There is no о in font larm1000!
Missing character: There is no н in font larm1000!
Missing character: There is no н in font larm1000!
Missing character: There is no о in font larm1000!
Missing character: There is no й in font larm1000!
Missing character: There is no р in font larm1000!
Missing character: There is no а in font larm1000!
Missing character: There is no б in font larm1000!
Missing character: There is no о in font larm1000!
Missing character: There is no т in font larm1000!
Missing character: There is no е in font larm1000!
Missing character: There is no в in font larm1000!
Missing character: There is no Г in font larm1000!
Missing character: There is no л in font larm1000!
Missing character: There is no а in font larm1000!
Missing character: There is no в in font larm1000!
Missing character: There is no е in font larm1000!
Missing character: There is no в in font larm1000!
Missing character: There is no ы in font larm1000!
Missing character: There is no м in font larm1000!
Missing character: There is no о in font larm1000!
Missing character: There is no ж in font larm1000!
Missing character: There is no е in font larm1000!
Missing character: There is no т in font larm1000!
Missing character: There is no е in font larm1000!
Missing character: There is no п in font larm1000!
Missing character: There is no о in font larm1000!
Missing character: There is no д in font larm1000!
Missing character: There is no р in font larm1000!
Missing character: There is no о in font larm1000!
Missing character: There is no б in font larm1000!
Missing character: There is no н in font larm1000!
Missing character: There is no о in font larm1000!
Missing character: There is no о in font larm1000!
Missing character: There is no з in font larm1000!
Missing character: There is no н in font larm1000!
Missing character: There is no а in font larm1000!
Missing character: There is no к in font larm1000!
Missing character: There is no о in font larm1000!
Missing character: There is no м in font larm1000!
Missing character: There is no и in font larm1000!
Missing character: There is no т in font larm1000!
Missing character: There is no ь in font larm1000!
Missing character: There is no с in font larm1000!
Missing character: There is no я in font larm1000!
Missing character: There is no с in font larm1000!
Missing character: There is no р in font larm1000!
Missing character: There is no е in font larm1000!
Missing character: There is no з in font larm1000!
Missing character: There is no у in font larm1000!
Missing character: There is no л in font larm1000!
Missing character: There is no ь in font larm1000!
Missing character: There is no т in font larm1000!
Missing character: There is no а in font larm1000!
Missing character: There is no т in font larm1000!
Missing character: There is no а in font larm1000!
Missing character: There is no м in font larm1000!
Missing character: There is no и in font larm1000!
Missing character: There is no р in font larm1000!
Missing character: There is no а in font larm1000!
Missing character: There is no н in font larm1000!
Missing character: There is no ж in font larm1000!
Missing character: There is no и in font larm1000!
Missing character: There is no р in font larm1000!
Missing character: There is no о in font larm1000!
Missing character: There is no в in font larm1000!
Missing character: There is no а in font larm1000!
Missing character: There is no н in font larm1000!
Missing character: There is no и in font larm1000!
Missing character: There is no я in font larm1000!
Missing character: There is no д in font larm1000!
Missing character: There is no л in font larm1000!
Missing character: There is no я in font larm1000!
Missing character: There is no в in font larm1000!
Missing character: There is no с in font larm1000!
Missing character: There is no е in font larm1000!
Missing character: There is no х in font larm1000!
Missing character: There is no п in font larm1000!
Missing character: There is no а in font larm1000!
Missing character: There is no р in font larm1000!
Missing character: There is no а in font larm1000!
Missing character: There is no м in font larm1000!
Missing character: There is no е in font larm1000!
Missing character: There is no т in font larm1000!
Missing character: There is no р in font larm1000!
Missing character: There is no о in font larm1000!
Missing character: There is no в in font larm1000!
Missing character: There is no Н in font larm1000!
Missing character: There is no а in font larm1000!
Missing character: There is no с in font larm1000!
Missing character: There is no л in font larm1000!
Missing character: There is no а in font larm1000!
Missing character: There is no й in font larm1000!
Missing character: There is no д in font larm1000!
Missing character: There is no е in font larm1000!
Missing character: There is no с in font larm1000!
Missing character: There is no с in font larm1000!
Missing character: There is no и in font larm1000!
Missing character: There is no н in font larm1000!
Missing character: There is no т in font larm1000!
Missing character: There is no е in font larm1000!
Missing character: There is no з in font larm1000!
Missing character: There is no о in font larm1000!
Missing character: There is no м in font larm1000!
Missing character: There is no д in font larm1000!
Missing character: There is no е in font larm1000!
Missing character: There is no р in font larm1000!
Missing character: There is no е in font larm1000!
Missing character: There is no в in font larm1000!
Missing character: There is no ь in font larm1000!
Missing character: There is no е in font larm1000!
Missing character: There is no в in font larm1000!
Missing character: There is no р in font larm1000!
Missing character: There is no а in font larm1000!
Missing character: There is no с in font larm1000!
Missing character: There is no ч in font larm1000!
Missing character: There is no е in font larm1000!
Missing character: There is no т in font larm1000!
Missing character: There is no ы in font larm1000!
Missing character: There is no с in font larm1000!
Missing character: There is no т in font larm1000!
Missing character: There is no а in font larm1000!
Missing character: There is no т in font larm1000!
Missing character: There is no и in font larm1000!
Missing character: There is no с in font larm1000!
Missing character: There is no т in font larm1000!
Missing character: There is no и in font larm1000!
Missing character: There is no ч in font larm1000!
Missing character: There is no е in font larm1000!
Missing character: There is no с in font larm1000!
Missing character: There is no к in font larm1000!
Missing character: There is no о in font larm1000!
Missing character: There is no г in font larm1000!
Missing character: There is no о in font larm1000!
Missing character: There is no р in font larm1000!
Missing character: There is no а in font larm1000!
Missing character: There is no с in font larm1000!
Missing character: There is no ч in font larm1000!
Missing character: There is no е in font larm1000!
Missing character: There is no т in font larm1000!
Missing character: There is no а in font larm1000!
Missing character: There is no к in font larm1000!
Missing character: There is no р in font larm1000!
Missing character: There is no и in font larm1000!
Missing character: There is no т in font larm1000!
Missing character: There is no е in font larm1000!
Missing character: There is no р in font larm1000!
Missing character: There is no и in font larm1000!
Missing character: There is no я in font larm1000!
Missing character: There is no п in font larm1000!
Missing character: There is no р in font larm1000!
Missing character: There is no и in font larm1000!
Missing character: There is no н in font larm1000!
Missing character: There is no я in font larm1000!
Missing character: There is no т in font larm1000!
Missing character: There is no и in font larm1000!
Missing character: There is no я in font larm1000!
Missing character: There is no и in font larm1000!
Missing character: There is no л in font larm1000!
Missing character: There is no и in font larm1000!
Missing character: There is no о in font larm1000!
Missing character: There is no т in font larm1000!
Missing character: There is no в in font larm1000!
Missing character: There is no е in font larm1000!
Missing character: There is no р in font larm1000!
Missing character: There is no ж in font larm1000!
Missing character: There is no е in font larm1000!
Missing character: There is no н in font larm1000!
Missing character: There is no и in font larm1000!
Missing character: There is no я in font larm1000!
Missing character: There is no г in font larm1000!
Missing character: There is no и in font larm1000!
Missing character: There is no п in font larm1000!
Missing character: There is no о in font larm1000!
Missing character: There is no т in font larm1000!
Missing character: There is no е in font larm1000!
Missing character: There is no з in font larm1000!
Missing character: There is no ы in font larm1000!
Missing character: There is no о in font larm1000!
Missing character: There is no с in font larm1000!
Missing character: There is no у in font larm1000!
Missing character: There is no щ in font larm1000!
Missing character: There is no е in font larm1000!
Missing character: There is no с in font larm1000!
Missing character: There is no т in font larm1000!
Missing character: There is no в in font larm1000!
Missing character: There is no о in font larm1000!
Missing character: There is no в in font larm1000!
Missing character: There is no а in font larm1000!
Missing character: There is no н in font larm1000!
Missing character: There is no и in font larm1000!
Missing character: There is no и in font larm1000!
Missing character: There is no з in font larm1000!
Missing character: There is no а in font larm1000!
Missing character: There is no к in font larm1000!
Missing character: There is no о in font larm1000!
Missing character: There is no н in font larm1000!
Missing character: There is no о in font larm1000!
Missing character: There is no м in font larm1000!
Missing character: There is no е in font larm1000!
Missing character: There is no р in font larm1000!
Missing character: There is no н in font larm1000!
Missing character: There is no о in font larm1000!
Missing character: There is no с in font larm1000!
Missing character: There is no т in font larm1000!
Missing character: There is no и in font larm1000!
Missing character: There is no м in font larm1000!
Missing character: There is no е in font larm1000!
Missing character: There is no ж in font larm1000!
Missing character: There is no д in font larm1000!
Missing character: There is no у in font larm1000!
Missing character: There is no п in font larm1000!
Missing character: There is no а in font larm1000!
Missing character: There is no р in font larm1000!
Missing character: There is no а in font larm1000!
Missing character: There is no м in font larm1000!
Missing character: There is no е in font larm1000!
Missing character: There is no т in font larm1000!
Missing character: There is no р in font larm1000!
Missing character: There is no а in font larm1000!
Missing character: There is no м in font larm1000!
Missing character: There is no и in font larm1000!
Missing character: There is no и in font larm1000!
Missing character: There is no о in font larm1000!
Missing character: There is no т in font larm1000!
Missing character: There is no н in font larm1000!
Missing character: There is no е in font larm1000!
Missing character: There is no с in font larm1000!
Missing character: There is no е in font larm1000!
Missing character: There is no н in font larm1000!
Missing character: There is no и in font larm1000!
Missing character: There is no я in font larm1000!
Missing character: There is no о in font larm1000!
Missing character: There is no б in font larm1000!
Missing character: There is no ъ in font larm1000!
Missing character: There is no е in font larm1000!
Missing character: There is no к in font larm1000!
Missing character: There is no т in font larm1000!
Missing character: There is no а in font larm1000!
Missing character: There is no к in font larm1000!
Missing character: There is no н in font larm1000!
Missing character: There is no е in font larm1000!
Missing character: There is no к in font larm1000!
Missing character: There is no о in font larm1000!
Missing character: There is no т in font larm1000!
Missing character: There is no о in font larm1000!
Missing character: There is no р in font larm1000!
Missing character: There is no о in font larm1000!
Missing character: There is no м in font larm1000!
Missing character: There is no у in font larm1000!
Missing character: There is no к in font larm1000!
Missing character: There is no л in font larm1000!
Missing character: There is no а in font larm1000!
Missing character: There is no с in font larm1000!
Missing character: There is no с in font larm1000!
Missing character: There is no у in font larm1000!
Missing character: There is no Н in font larm1000!
Missing character: There is no а in font larm1000!
Missing character: There is no с in font larm1000!
Missing character: There is no л in font larm1000!
Missing character: There is no а in font larm1000!
Missing character: There is no й in font larm1000!
Missing character: There is no д in font larm1000!
Missing character: There is no е in font larm1000!
Missing character: There is no и in font larm1000!
Missing character: There is no з in font larm1000!
Missing character: There is no о in font larm1000!
Missing character: There is no б in font larm1000!
Missing character: There is no р in font larm1000!
Missing character: There is no а in font larm1000!
Missing character: There is no ж in font larm1000!
Missing character: There is no е in font larm1000!
Missing character: There is no н in font larm1000!
Missing character: There is no п in font larm1000!
Missing character: There is no р in font larm1000!
Missing character: There is no и in font larm1000!
Missing character: There is no м in font larm1000!
Missing character: There is no е in font larm1000!
Missing character: There is no р in font larm1000!
Missing character: There is no с in font larm1000!
Missing character: There is no и in font larm1000!
Missing character: There is no н in font larm1000!
Missing character: There is no т in font larm1000!
Missing character: There is no е in font larm1000!
Missing character: There is no з in font larm1000!
Missing character: There is no а in font larm1000!
Missing character: There is no д in font larm1000!
Missing character: There is no е in font larm1000!
Missing character: There is no р in font larm1000!
Missing character: There is no е in font larm1000!
Missing character: There is no в in font larm1000!
Missing character: There is no а in font larm1000!
Missing character: There is no О in font larm1000!
Missing character: There is no б in font larm1000!
Missing character: There is no р in font larm1000!
Missing character: There is no а in font larm1000!
Missing character: There is no т in font larm1000!
Missing character: There is no и in font larm1000!
Missing character: There is no т in font larm1000!
Missing character: There is no е in font larm1000!
Missing character: There is no п in font larm1000!
Missing character: There is no о in font larm1000!
Missing character: There is no ж in font larm1000!
Missing character: There is no а in font larm1000!
Missing character: There is no л in font larm1000!
Missing character: There is no у in font larm1000!
Missing character: There is no й in font larm1000!
Missing character: There is no с in font larm1000!
Missing character: There is no т in font larm1000!
Missing character: There is no а in font larm1000!
Missing character: There is no в in font larm1000!
Missing character: There is no н in font larm1000!
Missing character: There is no и in font larm1000!
Missing character: There is no м in font larm1000!
Missing character: There is no а in font larm1000!
Missing character: There is no н in font larm1000!
Missing character: There is no и in font larm1000!
Missing character: There is no е in font larm1000!
Missing character: There is no ч in font larm1000!
Missing character: There is no т in font larm1000!
Missing character: There is no о in font larm1000!
Missing character: There is no в in font larm1000!
Missing character: There is no е in font larm1000!
Missing character: There is no т in font larm1000!
Missing character: There is no в in font larm1000!
Missing character: There is no е in font larm1000!
Missing character: There is no л in font larm1000!
Missing character: There is no е in font larm1000!
Missing character: There is no н in font larm1000!
Missing character: There is no и in font larm1000!
Missing character: There is no е in font larm1000!
Missing character: There is no и in font larm1000!
Missing character: There is no л in font larm1000!
Missing character: There is no и in font larm1000!
Missing character: There is no р in font larm1000!
Missing character: There is no а in font larm1000!
Missing character: There is no з in font larm1000!
Missing character: There is no д in font larm1000!
Missing character: There is no е in font larm1000!
Missing character: There is no л in font larm1000!
Missing character: There is no е in font larm1000!
Missing character: There is no н in font larm1000!
Missing character: There is no и in font larm1000!
Missing character: There is no е in font larm1000!
Missing character: There is no д in font larm1000!
Missing character: There is no е in font larm1000!
Missing character: There is no р in font larm1000!
Missing character: There is no е in font larm1000!
Missing character: There is no в in font larm1000!
Missing character: There is no а in font larm1000!
Missing character: There is no п in font larm1000!
Missing character: There is no р in font larm1000!
Missing character: There is no о in font larm1000!
Missing character: There is no и in font larm1000!
Missing character: There is no с in font larm1000!
Missing character: There is no х in font larm1000!
Missing character: There is no о in font larm1000!
Missing character: There is no д in font larm1000!
Missing character: There is no и in font larm1000!
Missing character: There is no т in font larm1000!
Missing character: There is no с in font larm1000!
Missing character: There is no т in font larm1000!
Missing character: There is no р in font larm1000!
Missing character: There is no о in font larm1000!
Missing character: There is no г in font larm1000!
Missing character: There is no о in font larm1000!
Missing character: There is no п in font larm1000!
Missing character: There is no о in font larm1000!
Missing character: There is no р in font larm1000!
Missing character: There is no а in font larm1000!
Missing character: There is no н in font larm1000!
Missing character: There is no ж in font larm1000!
Missing character: There is no и in font larm1000!
Missing character: There is no р in font larm1000!
Missing character: There is no о in font larm1000!
Missing character: There is no в in font larm1000!
Missing character: There is no а in font larm1000!
Missing character: There is no н in font larm1000!
Missing character: There is no н in font larm1000!
Missing character: There is no о in font larm1000!
Missing character: There is no й in font larm1000!
Missing character: There is no о in font larm1000!
Missing character: There is no ц in font larm1000!
Missing character: There is no е in font larm1000!
Missing character: There is no н in font larm1000!
Missing character: There is no к in font larm1000!
Missing character: There is no е in font larm1000!
Missing character: There is no п in font larm1000!
Missing character: There is no а in font larm1000!
Missing character: There is no р in font larm1000!
Missing character: There is no а in font larm1000!
Missing character: There is no м in font larm1000!
Missing character: There is no е in font larm1000!
Missing character: There is no т in font larm1000!
Missing character: There is no р in font larm1000!
Missing character: There is no о in font larm1000!
Missing character: There is no в in font larm1000!
Missing character: There is no В in font larm1000!
Missing character: There is no з in font larm1000!
Missing character: There is no а in font larm1000!
Missing character: There is no в in font larm1000!
Missing character: There is no и in font larm1000!
Missing character: There is no с in font larm1000!
Missing character: There is no и in font larm1000!
Missing character: There is no м in font larm1000!
Missing character: There is no о in font larm1000!
Missing character: There is no с in font larm1000!
Missing character: There is no т in font larm1000!
Missing character: There is no и in font larm1000!
Missing character: There is no о in font larm1000!
Missing character: There is no т in font larm1000!
Missing character: There is no з in font larm1000!
Missing character: There is no н in font larm1000!
Missing character: There is no а in font larm1000!
Missing character: There is no ч in font larm1000!
Missing character: There is no и in font larm1000!
Missing character: There is no м in font larm1000!
Missing character: There is no о in font larm1000!
Missing character: There is no с in font larm1000!
Missing character: There is no т in font larm1000!
Missing character: There is no и in font larm1000!
Missing character: There is no в in font larm1000!
Missing character: There is no е in font larm1000!
Missing character: There is no с in font larm1000!
Missing character: There is no о in font larm1000!
Missing character: There is no в in font larm1000!
Missing character: There is no о in font larm1000!
Missing character: There is no г in font larm1000!
Missing character: There is no о in font larm1000!
Missing character: There is no к in font larm1000!
Missing character: There is no о in font larm1000!
Missing character: There is no э in font larm1000!
Missing character: There is no ф in font larm1000!
Missing character: There is no ф in font larm1000!
Missing character: There is no и in font larm1000!
Missing character: There is no ц in font larm1000!
Missing character: There is no и in font larm1000!
Missing character: There is no е in font larm1000!
Missing character: There is no н in font larm1000!
Missing character: There is no т in font larm1000!
Missing character: There is no а in font larm1000!
Missing character: There is no д in font larm1000!
Missing character: There is no л in font larm1000!
Missing character: There is no я in font larm1000!
Missing character: There is no к in font larm1000!
Missing character: There is no л in font larm1000!
Missing character: There is no а in font larm1000!
Missing character: There is no с in font larm1000!
Missing character: There is no с in font larm1000!
Missing character: There is no а in font larm1000!
Missing character: There is no п in font larm1000!
Missing character: There is no р in font larm1000!
Missing character: There is no и in font larm1000!
Missing character: There is no н in font larm1000!
Missing character: There is no и in font larm1000!
Missing character: There is no м in font larm1000!
Missing character: There is no а in font larm1000!
Missing character: There is no е in font larm1000!
Missing character: There is no т in font larm1000!
Missing character: There is no с in font larm1000!
Missing character: There is no я in font larm1000!
Missing character: There is no р in font larm1000!
Missing character: There is no е in font larm1000!
Missing character: There is no ш in font larm1000!
Missing character: There is no е in font larm1000!
Missing character: There is no н in font larm1000!
Missing character: There is no и in font larm1000!
Missing character: There is no е in font larm1000!
Missing character: There is no р in font larm1000!
Missing character: There is no а in font larm1000!
Missing character: There is no з in font larm1000!
Missing character: There is no д in font larm1000!
Missing character: There is no е in font larm1000!
Missing character: There is no л in font larm1000!
Missing character: There is no и in font larm1000!
Missing character: There is no т in font larm1000!
Missing character: There is no ь in font larm1000!
Missing character: There is no и in font larm1000!
Missing character: There is no л in font larm1000!
Missing character: There is no и in font larm1000!
Missing character: There is no н in font larm1000!
Missing character: There is no е in font larm1000!
Missing character: There is no р in font larm1000!
Missing character: There is no а in font larm1000!
Missing character: There is no з in font larm1000!
Missing character: There is no д in font larm1000!
Missing character: There is no е in font larm1000!
Missing character: There is no л in font larm1000!
Missing character: There is no и in font larm1000!
Missing character: There is no т in font larm1000!
Missing character: There is no ь in font larm1000!
Missing character: There is no в in font larm1000!
Missing character: There is no е in font larm1000!
Missing character: There is no т in font larm1000!
Missing character: There is no в in font larm1000!
Missing character: There is no ь in font larm1000!
Missing character: There is no Н in font larm1000!
Missing character: There is no а in font larm1000!
Missing character: There is no с in font larm1000!
Missing character: There is no л in font larm1000!
Missing character: There is no а in font larm1000!
Missing character: There is no й in font larm1000!
Missing character: There is no д in font larm1000!
Missing character: There is no е in font larm1000!
Missing character: There is no п in font larm1000!
Missing character: There is no р in font larm1000!
Missing character: There is no е in font larm1000!
Missing character: There is no д in font larm1000!
Missing character: There is no с in font larm1000!
Missing character: There is no т in font larm1000!
Missing character: There is no а in font larm1000!
Missing character: There is no в in font larm1000!
Missing character: There is no л in font larm1000!
Missing character: There is no е in font larm1000!
Missing character: There is no н in font larm1000!
Missing character: There is no п in font larm1000!
Missing character: There is no р in font larm1000!
Missing character: There is no е in font larm1000!
Missing character: There is no д in font larm1000!
Missing character: There is no с in font larm1000!
Missing character: There is no т in font larm1000!
Missing character: There is no а in font larm1000!
Missing character: There is no в in font larm1000!
Missing character: There is no л in font larm1000!
Missing character: There is no е in font larm1000!
Missing character: There is no н in font larm1000!
Missing character: There is no ы in font larm1000!
Missing character: There is no р in font larm1000!
Missing character: There is no е in font larm1000!
Missing character: There is no з in font larm1000!
Missing character: There is no у in font larm1000!
Missing character: There is no л in font larm1000!
Missing character: There is no ь in font larm1000!
Missing character: There is no т in font larm1000!
Missing character: There is no а in font larm1000!
Missing character: There is no т in font larm1000!
Missing character: There is no ы in font larm1000!
Missing character: There is no р in font larm1000!
Missing character: There is no а in font larm1000!
Missing character: There is no н in font larm1000!
Missing character: There is no ж in font larm1000!
Missing character: There is no и in font larm1000!
Missing character: There is no р in font larm1000!
Missing character: There is no о in font larm1000!
Missing character: There is no в in font larm1000!
Missing character: There is no а in font larm1000!
Missing character: There is no н in font larm1000!
Missing character: There is no и in font larm1000!
Missing character: There is no я in font larm1000!
Missing character: There is no и in font larm1000!
Missing character: There is no в in font larm1000!
Missing character: There is no з in font larm1000!
Missing character: There is no а in font larm1000!
Missing character: There is no и in font larm1000!
Missing character: There is no м in font larm1000!
Missing character: There is no о in font larm1000!
Missing character: There is no д in font larm1000!
Missing character: There is no е in font larm1000!
Missing character: There is no й in font larm1000!
Missing character: There is no с in font larm1000!
Missing character: There is no т in font larm1000!
Missing character: There is no в in font larm1000!
Missing character: There is no и in font larm1000!
Missing character: There is no я in font larm1000!
Missing character: There is no м in font larm1000!
Missing character: There is no е in font larm1000!
Missing character: There is no ж in font larm1000!
Missing character: There is no д in font larm1000!
Missing character: There is no у in font larm1000!
Missing character: There is no п in font larm1000!
Missing character: There is no а in font larm1000!
Missing character: There is no р in font larm1000!
Missing character: There is no а in font larm1000!
Missing character: There is no м in font larm1000!
Missing character: There is no е in font larm1000!
Missing character: There is no т in font larm1000!
Missing character: There is no р in font larm1000!
Missing character: There is no а in font larm1000!
Missing character: There is no м in font larm1000!
Missing character: There is no и in font larm1000!
Missing character: There is no Р in font larm1000!
Missing character: There is no а in font larm1000!
Missing character: There is no б in font larm1000!
Missing character: There is no о in font larm1000!
Missing character: There is no ч in font larm1000!
Missing character: There is no а in font larm1000!
Missing character: There is no я in font larm1000!
Missing character: There is no х in font larm1000!
Missing character: There is no а in font larm1000!
Missing character: There is no р in font larm1000!
Missing character: There is no а in font larm1000!
Missing character: There is no к in font larm1000!
Missing character: There is no т in font larm1000!
Missing character: There is no е in font larm1000!
Missing character: There is no р in font larm1000!
Missing character: There is no и in font larm1000!
Missing character: There is no с in font larm1000!
Missing character: There is no т in font larm1000!
Missing character: There is no и in font larm1000!
Missing character: There is no к in font larm1000!
Missing character: There is no а in font larm1000!
Missing character: There is no п in font larm1000!
Missing character: There is no р in font larm1000!
Missing character: There is no и in font larm1000!
Missing character: There is no е in font larm1000!
Missing character: There is no м in font larm1000!
Missing character: There is no н in font larm1000!
Missing character: There is no и in font larm1000!
Missing character: There is no к in font larm1000!
Missing character: There is no а in font larm1000!
Missing character: There is no м in font larm1000!
Missing character: There is no е in font larm1000!
Missing character: There is no т in font larm1000!
Missing character: There is no р in font larm1000!
Missing character: There is no и in font larm1000!
Missing character: There is no к in font larm1000!
Missing character: There is no а in font larm1000!
Missing character: There is no с in font larm1000!
Missing character: There is no п in font larm1000!
Missing character: There is no е in font larm1000!
Missing character: There is no ц in font larm1000!
Missing character: There is no и in font larm1000!
Missing character: There is no а in font larm1000!
Missing character: There is no л in font larm1000!
Missing character: There is no ь in font larm1000!
Missing character: There is no н in font larm1000!
Missing character: There is no ы in font larm1000!
Missing character: There is no й in font larm1000!
Missing character: There is no г in font larm1000!
Missing character: There is no р in font larm1000!
Missing character: There is no а in font larm1000!
Missing character: There is no ф in font larm1000!
Missing character: There is no и in font larm1000!
Missing character: There is no к in font larm1000!
Missing character: There is no п in font larm1000!
Missing character: There is no о in font larm1000!
Missing character: There is no з in font larm1000!
Missing character: There is no в in font larm1000!
Missing character: There is no о in font larm1000!
Missing character: There is no л in font larm1000!
Missing character: There is no я in font larm1000!
Missing character: There is no ю in font larm1000!
Missing character: There is no щ in font larm1000!
Missing character: There is no и in font larm1000!
Missing character: There is no й in font larm1000!
Missing character: There is no о in font larm1000!
Missing character: There is no ц in font larm1000!
Missing character: There is no е in font larm1000!
Missing character: There is no н in font larm1000!
Missing character: There is no и in font larm1000!
Missing character: There is no т in font larm1000!
Missing character: There is no ь in font larm1000!
Missing character: There is no к in font larm1000!
Missing character: There is no а in font larm1000!
Missing character: There is no ч in font larm1000!
Missing character: There is no е in font larm1000!
Missing character: There is no с in font larm1000!
Missing character: There is no т in font larm1000!
Missing character: There is no в in font larm1000!
Missing character: There is no о in font larm1000!
Missing character: There is no к in font larm1000!
Missing character: There is no л in font larm1000!
Missing character: There is no а in font larm1000!
Missing character: There is no с in font larm1000!
Missing character: There is no с in font larm1000!
Missing character: There is no и in font larm1000!
Missing character: There is no ф in font larm1000!
Missing character: There is no и in font larm1000!
Missing character: There is no к in font larm1000!
Missing character: There is no а in font larm1000!
Missing character: There is no ц in font larm1000!
Missing character: There is no и in font larm1000!
Missing character: There is no и in font larm1000!
Missing character: There is no Т in font larm1000!
Missing character: There is no к in font larm1000!
Missing character: There is no в in font larm1000!
Missing character: There is no д in font larm1000!
Missing character: There is no а in font larm1000!
Missing character: There is no н in font larm1000!
Missing character: There is no н in font larm1000!
Missing character: There is no о in font larm1000!
Missing character: There is no й in font larm1000!
Missing character: There is no р in font larm1000!
Missing character: There is no а in font larm1000!
Missing character: There is no б in font larm1000!
Missing character: There is no о in font larm1000!
Missing character: There is no т in font larm1000!
Missing character: There is no е in font larm1000!
Missing character: There is no в in font larm1000!
Missing character: There is no е in font larm1000!
Missing character: There is no л in font larm1000!
Missing character: There is no а in font larm1000!
Missing character: There is no с in font larm1000!
Missing character: There is no ь in font larm1000!
Missing character: There is no к in font larm1000!
Missing character: There is no л in font larm1000!
Missing character: There is no а in font larm1000!
Missing character: There is no с in font larm1000!
Missing character: There is no с in font larm1000!
Missing character: There is no и in font larm1000!
Missing character: There is no ф in font larm1000!
Missing character: There is no и in font larm1000!
Missing character: There is no к in font larm1000!
Missing character: There is no а in font larm1000!
Missing character: There is no ц in font larm1000!
Missing character: There is no и in font larm1000!
Missing character: There is no я in font larm1000!
Missing character: There is no к in font larm1000!
Missing character: There is no л in font larm1000!
Missing character: There is no а in font larm1000!
Missing character: There is no с in font larm1000!
Missing character: There is no с in font larm1000!
Missing character: There is no о in font larm1000!
Missing character: There is no в in font larm1000!
Missing character: There is no т in font larm1000!
Missing character: There is no о in font larm1000!
Missing character: There is no с in font larm1000!
Missing character: There is no у in font larm1000!
Missing character: There is no м in font larm1000!
Missing character: There is no м in font larm1000!
Missing character: There is no а in font larm1000!
Missing character: There is no р in font larm1000!
Missing character: There is no н in font larm1000!
Missing character: There is no о in font larm1000!
Missing character: There is no б in font larm1000!
Missing character: There is no ы in font larm1000!
Missing character: There is no л in font larm1000!
Missing character: There is no о in font larm1000!
Missing character: There is no п in font larm1000!
Missing character: There is no р in font larm1000!
Missing character: There is no о in font larm1000!
Missing character: There is no и in font larm1000!
Missing character: There is no з in font larm1000!
Missing character: There is no в in font larm1000!
Missing character: There is no е in font larm1000!
Missing character: There is no д in font larm1000!
Missing character: There is no е in font larm1000!
Missing character: There is no н in font larm1000!
Missing character: There is no о in font larm1000!
Missing character: There is no п in font larm1000!
Missing character: There is no о in font larm1000!
Missing character: There is no п in font larm1000!
Missing character: There is no а in font larm1000!
Missing character: There is no р in font larm1000!
Missing character: There is no н in font larm1000!
Missing character: There is no ы in font larm1000!
Missing character: There is no х in font larm1000!
Missing character: There is no с in font larm1000!
Missing character: There is no о in font larm1000!
Missing character: There is no ч in font larm1000!
Missing character: There is no е in font larm1000!
Missing character: There is no т in font larm1000!
Missing character: There is no а in font larm1000!
Missing character: There is no н in font larm1000!
Missing character: There is no и in font larm1000!
Missing character: There is no й in font larm1000!
Missing character: There is no д in font larm1000!
Missing character: There is no л in font larm1000!
Missing character: There is no я in font larm1000!
Missing character: There is no с in font larm1000!
Missing character: There is no р in font larm1000!
Missing character: There is no а in font larm1000!
Missing character: There is no в in font larm1000!
Missing character: There is no н in font larm1000!
Missing character: There is no е in font larm1000!
Missing character: There is no н in font larm1000!
Missing character: There is no и in font larm1000!
Missing character: There is no я in font larm1000!
Missing character: There is no р in font larm1000!
Missing character: There is no а in font larm1000!
Missing character: There is no б in font larm1000!
Missing character: There is no о in font larm1000!
Missing character: There is no ч in font larm1000!
Missing character: There is no е in font larm1000!
Missing character: There is no й in font larm1000!
Missing character: There is no х in font larm1000!
Missing character: There is no а in font larm1000!
Missing character: There is no р in font larm1000!
Missing character: There is no а in font larm1000!
Missing character: There is no к in font larm1000!
Missing character: There is no т in font larm1000!
Missing character: There is no е in font larm1000!
Missing character: There is no р in font larm1000!
Missing character: There is no и in font larm1000!
Missing character: There is no с in font larm1000!
Missing character: There is no т in font larm1000!
Missing character: There is no и in font larm1000!
Missing character: There is no к in font larm1000!
Missing character: There is no и in font larm1000!
Missing character: There is no п in font larm1000!
Missing character: There is no р in font larm1000!
Missing character: There is no и in font larm1000!
Missing character: There is no е in font larm1000!
Missing character: There is no м in font larm1000!
Missing character: There is no н in font larm1000!
Missing character: There is no и in font larm1000!
Missing character: There is no к in font larm1000!
Missing character: There is no а in font larm1000!
Missing character: There is no В in font larm1000!
Missing character: There is no П in font larm1000!
Missing character: There is no р in font larm1000!
Missing character: There is no и in font larm1000!
Missing character: There is no л in font larm1000!
Missing character: There is no о in font larm1000!
Missing character: There is no ж in font larm1000!
Missing character: There is no е in font larm1000!
Missing character: There is no н in font larm1000!
Missing character: There is no и in font larm1000!
Missing character: There is no и in font larm1000!
Missing character: There is no в in font larm1000!
Missing character: There is no д in font larm1000!
Missing character: There is no и in font larm1000!
Missing character: There is no с in font larm1000!
Missing character: There is no с in font larm1000!
Missing character: There is no е in font larm1000!
Missing character: There is no р in font larm1000!
Missing character: There is no т in font larm1000!
Missing character: There is no а in font larm1000!
Missing character: There is no ц in font larm1000!
Missing character: There is no и in font larm1000!
Missing character: There is no о in font larm1000!
Missing character: There is no н in font larm1000!
Missing character: There is no н in font larm1000!
Missing character: There is no о in font larm1000!
Missing character: There is no й in font larm1000!
Missing character: There is no р in font larm1000!
Missing character: There is no а in font larm1000!
Missing character: There is no б in font larm1000!
Missing character: There is no о in font larm1000!
Missing character: There is no т in font larm1000!
Missing character: There is no ы in font larm1000!
Missing character: There is no в in font larm1000!
Missing character: There is no ы in font larm1000!
Missing character: There is no с in font larm1000!
Missing character: There is no м in font larm1000!
Missing character: There is no о in font larm1000!
Missing character: There is no ж in font larm1000!
Missing character: There is no е in font larm1000!
Missing character: There is no т in font larm1000!
Missing character: There is no е in font larm1000!
Missing character: There is no н in font larm1000!
Missing character: There is no а in font larm1000!
Missing character: There is no й in font larm1000!
Missing character: There is no т in font larm1000!
Missing character: There is no и in font larm1000!
Missing character: There is no р in font larm1000!
Missing character: There is no е in font larm1000!
Missing character: There is no з in font larm1000!
Missing character: There is no у in font larm1000!
Missing character: There is no л in font larm1000!
Missing character: There is no ь in font larm1000!
Missing character: There is no т in font larm1000!
Missing character: There is no а in font larm1000!
Missing character: There is no т in font larm1000!
Missing character: There is no ы in font larm1000!
Missing character: There is no к in font larm1000!
Missing character: There is no а in font larm1000!
Missing character: There is no ж in font larm1000!
Missing character: There is no д in font larm1000!
Missing character: There is no о in font larm1000!
Missing character: There is no г in font larm1000!
Missing character: There is no о in font larm1000!
Missing character: There is no п in font larm1000!
Missing character: There is no о in font larm1000!
Missing character: There is no п in font larm1000!
Missing character: There is no а in font larm1000!
Missing character: There is no р in font larm1000!
Missing character: There is no н in font larm1000!
Missing character: There is no о in font larm1000!
Missing character: There is no г in font larm1000!
Missing character: There is no о in font larm1000!
Missing character: There is no с in font larm1000!
Missing character: There is no р in font larm1000!
Missing character: There is no а in font larm1000!
Missing character: There is no в in font larm1000!
Missing character: There is no н in font larm1000!
Missing character: There is no е in font larm1000!
Missing character: There is no н in font larm1000!
Missing character: There is no и in font larm1000!
Missing character: There is no я in font larm1000!
Package atveryend Info: Empty hook `BeforeClearDocument' on input line 295.
Package babel Info: Redefining russian shorthand "|
(babel)             in language  on input line 295.
Package babel Info: Redefining russian shorthand "~
(babel)             in language  on input line 295.
Package babel Info: Redefining russian shorthand "|
(babel)             in language  on input line 295.
Package babel Info: Redefining russian shorthand "~
(babel)             in language  on input line 295.
[4]
Package atveryend Info: Empty hook `AfterLastShipout' on input line 295.
 (./elsarticle-template.aux)
Package atveryend Info: Empty hook `AtVeryEndDocument' on input line 295.
Package atveryend Info: Empty hook `AtEndAfterFileList' on input line 295.


LaTeX Font Warning: Some font shapes were not available, defaults substituted.

Package atveryend Info: Empty hook `AtVeryVeryEnd' on input line 295.
 ) 
Here is how much of TeX's memory you used:
 10994 strings out of 493007
 150605 string characters out of 6136719
 234885 words of memory out of 5000000
 14819 multiletter control sequences out of 15000+600000
 35967 words of font info for 63 fonts, out of 8000000 for 9000
 1348 hyphenation exceptions out of 8191
 32i,18n,36p,481b,433s stack positions out of 5000i,500n,10000p,200000b,80000s

Output written on elsarticle-template.pdf (4 pages).
